Top pages,Clicks,Impressions,CTR,Position
https://www.legacyinvestingshow.com/,693,11240,6.17%,9.19
https://www.legacyinvestingshow.com/blog/preston-seo-review,171,8599,1.99%,16.32
https://www.legacyinvestingshow.com/blog/legacy-investing-show-review,5,345,1.45%,14.31
https://www.legacyinvestingshow.com/about,1,1011,0.1%,7.25
https://www.legacyinvestingshow.com/tax-strategies/,1,1011,0.1%,7.25
https://www.legacyinvestingshow.com/tools/cost-segregation-payback-calculator,1,312,0.32%,64.28
https://www.legacyinvestingshow.com/tools/augusta-rule-meeting-log-and-rent-calculator,1,119,0.84%,21.03
https://www.legacyinvestingshow.com/blog/money-moves-cpa-never-mentioned-high-earners,1,68,1.47%,12.49
https://www.legacyinvestingshow.com/blog/tax-planning-for-high-earners,1,35,2.86%,16.06
https://www.legacyinvestingshow.com/tools/home-purchase-cash-to-close,1,5,20%,54.4
https://www.legacyinvestingshow.com/blog/how-much-is-renters-insurance-cost-guide,0,1077,0%,79.15
https://www.legacyinvestingshow.com/compare/,0,1011,0%,7.25
https://www.legacyinvestingshow.com/tools/,0,1011,0%,7.25
https://www.legacyinvestingshow.com/blog/,0,644,0%,7.13
https://www.legacyinvestingshow.com/worksheets/,0,644,0%,7.13
https://www.legacyinvestingshow.com/blog/best-tax-planning-software-for-cpas,0,501,0%,44.69
https://www.legacyinvestingshow.com/blog/best-tax-planning-software-for-financial-advisors,0,354,0%,57.47
https://www.legacyinvestingshow.com/blog/401k-rollover-guide,0,304,0%,61.43
https://www.legacyinvestingshow.com/blog/2026-mileage-reimbursement-rates,0,242,0%,74.87
https://www.legacyinvestingshow.com/blog/best-tax-planning-software-for-retirees,0,233,0%,49.69
https://www.legacyinvestingshow.com/blog/how-to-pay-off-a-loan-early,0,208,0%,68.16
https://www.legacyinvestingshow.com/blog/best-side-hustles-no-money-full-time-job,0,157,0%,21.68
https://www.legacyinvestingshow.com/blog/best-airbnb-automation-tools-for-small-operators,0,146,0%,28.77
https://www.legacyinvestingshow.com/topics/airbnb-arbitrage,0,135,0%,28.42
https://www.legacyinvestingshow.com/tools/real-estate-professional-status-hours-tracker,0,129,0%,47.13
https://www.legacyinvestingshow.com/tools/estimated-tax-safe-harbor-planner,0,110,0%,49.52
https://www.legacyinvestingshow.com/blog/how-to-calculate-home-equity,0,107,0%,80.47
https://www.legacyinvestingshow.com/blog/couple-17500-secured-one-week,0,100,0%,7.15
https://www.legacyinvestingshow.com/blog/kiana-replaced-finance-job-airbnb,0,78,0%,9.95
https://www.legacyinvestingshow.com/blog/how-to-estimate-home-contents-value-for-insurance,0,72,0%,89.67
https://www.legacyinvestingshow.com/tools/interest-only-payment,0,66,0%,76.64
https://www.legacyinvestingshow.com/programmatic-pages/insurance/renters-california,0,66,0%,84.06
https://www.legacyinvestingshow.com/tools/irmaa-headroom-roth-conversion-planner,0,54,0%,16.67
https://www.legacyinvestingshow.com/tools/early-loan-payoff,0,51,0%,76.65
https://www.legacyinvestingshow.com/programmatic-pages/insurance/renters-arizona,0,49,0%,71.57
https://www.legacyinvestingshow.com/tools/mileage-reimbursement,0,49,0%,73.14
https://www.legacyinvestingshow.com/programmatic-pages/insurance/renters-utah,0,48,0%,75.27
https://www.legacyinvestingshow.com/programmatic-pages/insurance/renters-new-jersey,0,48,0%,75.62
https://www.legacyinvestingshow.com/programmatic-pages/insurance/renters-michigan,0,48,0%,78.79
https://www.legacyinvestingshow.com/programmatic-pages/insurance/renters-washington,0,46,0%,70.7
https://www.legacyinvestingshow.com/programmatic-pages/insurance/renters-by-state,0,46,0%,75.04
https://www.legacyinvestingshow.com/programmatic-pages/insurance/renters-massachusetts,0,44,0%,76.5
https://www.legacyinvestingshow.com/programmatic-pages/insurance/renters-texas,0,44,0%,81.91
https://www.legacyinvestingshow.com/tax-strategies/short-term-rental-loophole,0,43,0%,21.84
https://www.legacyinvestingshow.com/programmatic-pages/insurance/renters-north-carolina,0,41,0%,77.17
https://www.legacyinvestingshow.com/programmatic-pages/insurance/renters-iowa,0,40,0%,77.97
https://www.legacyinvestingshow.com/programmatic-pages/insurance/renters-new-mexico,0,37,0%,30.24
https://www.legacyinvestingshow.com/programmatic-pages/insurance/renters-new-york,0,37,0%,77.95
https://www.legacyinvestingshow.com/blog/best-real-estate-model-beginners-2024,0,36,0%,10.5
https://www.legacyinvestingshow.com/programmatic-pages/insurance/renters-virginia,0,36,0%,74.42
https://www.legacyinvestingshow.com/blog/how-much-to-set-aside-for-self-employment-tax,0,35,0%,63.63
https://www.legacyinvestingshow.com/compare/backdoor-roth-vs-taxable-brokerage-high-income-earners,0,34,0%,29.5
https://www.legacyinvestingshow.com/tools/inflation-purchasing-power,0,34,0%,65.68
https://www.legacyinvestingshow.com/blog/loan-amortization-schedule-explained,0,34,0%,66.68
https://www.legacyinvestingshow.com/tools/loan-to-value-ratio,0,34,0%,87.94
https://www.legacyinvestingshow.com/blog/line-of-credit-vs-term-loan,0,33,0%,72.7
https://www.legacyinvestingshow.com/blog/faq-review,0,31,0%,5.71
https://www.legacyinvestingshow.com/blog/marginal-vs-effective-tax-rate,0,30,0%,59.83
https://www.legacyinvestingshow.com/blog/small-business-insurance-cost-guide,0,30,0%,69.33
https://www.legacyinvestingshow.com/programmatic-pages/insurance/renters-illinois,0,30,0%,80.7
https://www.legacyinvestingshow.com/tools/roommate-rent-split,0,29,0%,56.34
https://www.legacyinvestingshow.com/programmatic-pages/insurance/renters-ohio,0,27,0%,79.7
https://www.legacyinvestingshow.com/tax-strategies/rental-property-depreciation,0,26,0%,4.04
https://www.legacyinvestingshow.com/tools/employer-payroll-cost,0,26,0%,67.73
https://www.legacyinvestingshow.com/blog/debt-avalanche-vs-snowball-calculator,0,25,0%,10.2
https://www.legacyinvestingshow.com/blog/best-airbnb-markets-2026-how-to-evaluate-a-city,0,25,0%,17.2
https://www.legacyinvestingshow.com/programmatic-pages/insurance/renters-wisconsin,0,24,0%,63.42
https://www.legacyinvestingshow.com/blog/high-deductible-vs-low-deductible-insurance,0,23,0%,63.78
https://www.legacyinvestingshow.com/programmatic-pages/insurance/renters-minnesota,0,23,0%,73.61
https://www.legacyinvestingshow.com/blog/employer-payroll-cost-guide,0,21,0%,15.71
https://www.legacyinvestingshow.com/programmatic-pages/insurance/renters-connecticut,0,21,0%,81.67
https://www.legacyinvestingshow.com/blog/emergency-fund-how-many-months-is-enough,0,20,0%,70.8
https://www.legacyinvestingshow.com/programmatic-pages/insurance/renters-idaho,0,20,0%,78.35
https://www.legacyinvestingshow.com/programmatic-pages/insurance/renters-louisiana,0,20,0%,79.65
https://www.legacyinvestingshow.com/blog/personal-loan-payment-guide,0,19,0%,61.05
https://www.legacyinvestingshow.com/programmatic-pages/insurance/renters-hawaii,0,19,0%,69.21
https://www.legacyinvestingshow.com/programmatic-pages/insurance/renters-maryland,0,19,0%,71.42
https://www.legacyinvestingshow.com/tax-strategies/opportunity-zones,0,18,0%,15.56
https://www.legacyinvestingshow.com/tools/pay-period-converter,0,18,0%,67.06
https://www.legacyinvestingshow.com/programmatic-pages/insurance/renters-wyoming,0,16,0%,60.81
https://www.legacyinvestingshow.com/programmatic-pages/insurance/renters-pennsylvania,0,16,0%,76
https://www.legacyinvestingshow.com/topics/business-structures,0,15,0%,16.27
https://www.legacyinvestingshow.com/tools/bank-account-fee-comparison,0,15,0%,38.73
https://www.legacyinvestingshow.com/programmatic-pages/insurance/renters-georgia,0,15,0%,76.93
https://www.legacyinvestingshow.com/blog/diana-wealth-plan,0,14,0%,3.79
https://www.legacyinvestingshow.com/blog/backyard-rv-3k-month-airbnb,0,14,0%,6.07
https://www.legacyinvestingshow.com/blog/how-to-convince-landlords-for-airbnb-arbitrage,0,13,0%,14.08
https://www.legacyinvestingshow.com/programmatic-pages/insurance/renters-oklahoma,0,13,0%,54.31
https://www.legacyinvestingshow.com/tax-strategies/donor-advised-fund,0,12,0%,6.67
https://www.legacyinvestingshow.com/blog/retirement-withdrawal-strategy-software,0,12,0%,12.25
https://www.legacyinvestingshow.com/programmatic-pages/insurance/renters-nebraska,0,12,0%,75.75
https://www.legacyinvestingshow.com/programmatic-pages/cities/charlotte-nc,0,11,0%,4.36
https://www.legacyinvestingshow.com/blog/airbnb-startup-costs-capital-breakdown,0,11,0%,9
https://www.legacyinvestingshow.com/programmatic-pages/insurance/renters-maine,0,11,0%,57.64
https://www.legacyinvestingshow.com/programmatic-pages/insurance/renters-north-dakota,0,10,0%,71
https://www.legacyinvestingshow.com/blog/short-term-rental-investing-tax-implications,0,9,0%,3.67
https://www.legacyinvestingshow.com/blog/how-to-scale-an-airbnb-arbitrage-business,0,9,0%,23
https://www.legacyinvestingshow.com/tools/personal-savings-rate,0,9,0%,75.78
https://www.legacyinvestingshow.com/programmatic-pages/insurance/renters-florida,0,9,0%,77.11
https://www.legacyinvestingshow.com/tax-strategies/installment-sale,0,8,0%,1.38
https://www.legacyinvestingshow.com/tax-strategies/bonus-depreciation,0,8,0%,16.62
https://www.legacyinvestingshow.com/tools/raise-or-pay-cut-impact,0,8,0%,20.38
https://www.legacyinvestingshow.com/blog/capital-gains-tax-what-you-owe-when-you-sell,0,8,0%,76.88
https://www.legacyinvestingshow.com/tools,0,7,0%,5.43
https://www.legacyinvestingshow.com/blog/student-loan-payoff-vs-negotiated-settlements,0,7,0%,30
https://www.legacyinvestingshow.com/tools/personal-loan-comparison,0,7,0%,65.14
https://www.legacyinvestingshow.com/programmatic-pages/insurance/renters-alaska,0,7,0%,74.43
https://www.legacyinvestingshow.com/tax-strategies/for/airbnb-hosts,0,5,0%,19.8
https://www.legacyinvestingshow.com/blog/estate-tax-planning-for-beginners,0,5,0%,68.8
https://www.legacyinvestingshow.com/topics/investing,0,4,0%,3.75
https://www.legacyinvestingshow.com/blog/registered-agent-pricing-comparison,0,4,0%,4.75
https://www.legacyinvestingshow.com/blog/airbnb-pricing-strategy-for-real-estate-investors,0,4,0%,5.25
https://www.legacyinvestingshow.com/programmatic-pages/personas/self-employed,0,4,0%,5.25
https://www.legacyinvestingshow.com/blog/s-corp-election-vs-partnership,0,4,0%,6.75
https://www.legacyinvestingshow.com/blog/series-llc-vs-trust-structure,0,4,0%,12
https://www.legacyinvestingshow.com/blog/investment-fee-drag-guide,0,4,0%,28
https://www.legacyinvestingshow.com/blog/rental-property-cash-flow-guide,0,4,0%,39
https://www.legacyinvestingshow.com/tools/airbnb-arbitrage-roi,0,4,0%,40.5
https://www.legacyinvestingshow.com/blog/take-home-pay-what-your-salary-actually-pays-you,0,4,0%,57
https://www.legacyinvestingshow.com/tools/gross-to-net-pay-estimate,0,4,0%,75.25
https://www.legacyinvestingshow.com/blog/debt-to-income-ratio-guide,0,4,0%,80.5
https://www.legacyinvestingshow.com/assets/images/hero-image.jpg,0,3,0%,5
https://www.legacyinvestingshow.com/blog/how-much-rent-can-i-afford,0,3,0%,7.67
https://www.legacyinvestingshow.com/blog/retirement-runway-how-long-will-your-savings-last,0,3,0%,9
https://www.legacyinvestingshow.com/topics,0,3,0%,9
https://www.legacyinvestingshow.com/tools/invoice-withholding-tax,0,3,0%,22.33
https://www.legacyinvestingshow.com/tools/holiday-pay-accrual,0,3,0%,71
https://www.legacyinvestingshow.com/tools/self-employment-tax-reserve,0,2,0%,2.5
https://www.legacyinvestingshow.com/retirement/traditional-vs-roth-401k,0,2,0%,3.5
https://www.legacyinvestingshow.com/blog/how-much-does-auto-insurance-cost,0,2,0%,4.5
https://www.legacyinvestingshow.com/blog/airbnb-arbitrage-mistakes-that-kill-profit,0,2,0%,5.5
https://www.legacyinvestingshow.com/blog,0,2,0%,6
https://www.legacyinvestingshow.com/blog/88k-tax-savings-cpa-missed-case-study,0,2,0%,7.5
https://www.legacyinvestingshow.com/blog/how-to-calculate-net-worth,0,2,0%,30.5
https://www.legacyinvestingshow.com/blog/maximum-home-office-deduction-2026,0,2,0%,46
https://www.legacyinvestingshow.com/tools/rent-increase-impact,0,2,0%,56.5
https://www.legacyinvestingshow.com/tools/mortgage-refinance-break-even,0,2,0%,57
https://www.legacyinvestingshow.com/blog/insurance-coverage-gap-guide,0,2,0%,62
https://www.legacyinvestingshow.com/tools/fixed-term-deposit-growth,0,2,0%,87
https://legacyinvestingshow.com/,0,1,0%,1
https://www.legacyinvestingshow.com/compare,0,1,0%,1
https://www.legacyinvestingshow.com/blog/tax-strategy-tax-implications,0,1,0%,2
https://www.legacyinvestingshow.com/tools/str-purchase-analysis,0,1,0%,2
https://www.legacyinvestingshow.com/blog/abigail-wealth-plan,0,1,0%,3
https://www.legacyinvestingshow.com/assets/images/og-blog.jpg,0,1,0%,7
https://www.legacyinvestingshow.com/tools/home-maintenance-reserve,0,1,0%,7
https://www.legacyinvestingshow.com/tools/irregular-income-budget,0,1,0%,8
https://www.legacyinvestingshow.com/blog/is-pet-insurance-worth-it-cost-comparison,0,1,0%,9
https://www.legacyinvestingshow.com/tools/deductible-premium-break-even,0,1,0%,9
https://www.legacyinvestingshow.com/blog/compound-interest-savings-guide,0,1,0%,10
https://www.legacyinvestingshow.com/blog/debt-snowball-vs-avalanche,0,1,0%,10
https://www.legacyinvestingshow.com/blog/what-does-an-insurance-claim-cost-out-of-pocket,0,1,0%,46
https://www.legacyinvestingshow.com/tools/sinking-fund-contribution,0,1,0%,53
https://www.legacyinvestingshow.com/tools/mortgage-overpayment-vs-index-investing,0,1,0%,60
https://www.legacyinvestingshow.com/blog/salary-to-hourly-pay-conversion,0,1,0%,61
https://www.legacyinvestingshow.com/programmatic-pages/insurance/renters-colorado,0,1,0%,64
https://www.legacyinvestingshow.com/tools/payment-based-borrowing-limit,0,1,0%,67
https://www.legacyinvestingshow.com/programmatic-pages/insurance/renters-kansas,0,1,0%,74
https://www.legacyinvestingshow.com/programmatic-pages/insurance/renters-rhode-island,0,1,0%,75
https://www.legacyinvestingshow.com/tools/monthly-budget-planner,0,1,0%,90