Top queries,Clicks,Impressions,CTR,Position
preston seo,190,6917,2.75%,10.41
legacy investing show,139,564,24.65%,3.43
preston seo reviews,72,1313,5.48%,6.91
the legacy investing show,55,246,22.36%,3.61
preston seo legacy investing,30,93,32.26%,3.48
legacy investing show llc,25,120,20.83%,2.94
preston seo legacy wealth blueprint reviews,11,161,6.83%,5.09
legacy wealth blueprint preston seo,11,77,14.29%,2.57
legacy investing show reviews,9,218,4.13%,10.21
legacyinvestingshow,9,19,47.37%,3.26
is preston seo legit,6,192,3.12%,7.39
preston seo legacy investing reviews,6,82,7.32%,5.89
preston seo legacy investing show,6,67,8.96%,4.82
manage money 101 preston seo reviews,6,59,10.17%,9.24
legacy investment show,5,26,19.23%,6.69
legacy investing preston seo,4,13,30.77%,1.08
preston seo legacy wealth blueprint cost,3,110,2.73%,8.72
who is preston seo,3,60,5%,7.8
preston seo biography,3,16,18.75%,4.81
the legacy investing show reviews,2,117,1.71%,10.09
legacy wealth blueprint preston seo reviews,2,39,5.13%,4.72
preston legacy investing,2,33,6.06%,2
preston seo course,1,84,1.19%,12.39
preston seo wife,1,46,2.17%,9.02
preston seo tax strategy,1,14,7.14%,13.64
preston legacy wealth blueprint,1,2,50%,4
seo preston,0,2670,0%,18.03
mark preston seo,0,1181,0%,26.99
tax planning software,0,199,0%,49.27
princeton seo,0,188,0%,65.15
401k rollover for beginners,0,182,0%,67.01
cost segregation calculator,0,151,0%,71.38
prescott seo,0,124,0%,68.09
best tax planning software,0,98,0%,63.74
legacy investing,0,86,0%,14.83
real estate professional hours tracker,0,83,0%,63.16
how much is renters insurance,0,77,0%,82
airbnb automation tools,0,75,0%,34.01
personal finance masterclass by preston seo,0,73,0%,7.74
average cost of renters insurance in texas,0,59,0%,83.37
401k rollover guides,0,53,0%,49.57
cost segregation study calculator,0,51,0%,66.37
cost of renters insurance,0,50,0%,80.1
renters insurance cost,0,47,0%,83.38
pay off car loan early calculator,0,45,0%,65.11
tax planning software for cpas,0,43,0%,37.53
retirement tax planning software,0,38,0%,54.58
augusta rule calculator,0,37,0%,16.95
renters insurance new mexico,0,37,0%,30.24
how much does renters insurance cost per month,0,37,0%,80.22
average cost of renters insurance,0,37,0%,84.08
how much does renters insurance cost,0,36,0%,84.11
preston seo net worth,0,35,0%,14.06
renters insurance rates by state,0,34,0%,70.21
average price for renters insurance,0,34,0%,78.97
renters insurance rates,0,33,0%,63.76
airbnb leverage,0,32,0%,25.66
best tax planning software for financial advisors,0,32,0%,48.5
average renters insurance cost,0,31,0%,76.94
how much is renters insurance per month,0,31,0%,83.68
preston seo consultant,0,30,0%,31.33
renters insurance price,0,30,0%,74.4
average renters insurance,0,30,0%,76.47
renter insurance cost,0,30,0%,79.2
preston seo masterclass reviews,0,29,0%,7.14
renters insurance average cost,0,29,0%,77.03
what does renters insurance cost,0,29,0%,88
tax planning software for retirement,0,28,0%,59.04
how much is renters insurance for a house,0,28,0%,75.61
how much should renters insurance cost,0,28,0%,88.18
preston seo agency,0,27,0%,42.85
average price of renters insurance wa,0,27,0%,70.07
how much does renters insurance cost in michigan,0,27,0%,78.33
average renters insurance coverage,0,27,0%,88.74
how much is renters insurance in washington state,0,26,0%,73.23
renters insurance prices,0,25,0%,63.44
augusta rule fmv calculator,0,24,0%,16.38
average renters insurance in arizona,0,24,0%,72.04
how much is renters insurance a month,0,24,0%,72.25
how much is renters insurance for an apartment,0,24,0%,76.17
renters insurance utah cost,0,24,0%,76.67
renters insurance massachusetts cost,0,24,0%,79.38
cost segregation real estate calculator,0,23,0%,67.3
renters insurance rate,0,23,0%,74.96
rental insurance costs,0,23,0%,79.09
what is the average cost of renters insurance,0,23,0%,82.65
renters insurance wisconsin cost,0,22,0%,62.23
average renters insurance prices,0,22,0%,74.09
how much is renters insurance in utah,0,22,0%,75.23
how much is renters insurance for a one bedroom apartment,0,22,0%,78.64
financial planning software for advisors,0,22,0%,81.23
renters insurance iowa cost,0,22,0%,81.68
average cost of renters insurance in arizona,0,21,0%,70.33
average apartment insurance cost,0,21,0%,78.62
how much is renters insurance in michigan,0,21,0%,79.38
renters insurance cost per month,0,21,0%,81.86
average cost of renters insurance in massachusetts,0,20,0%,73.05
average cost of renters insurance in virginia,0,20,0%,73.65
how much is renters insurance in new york,0,20,0%,77.7
renters insurance cost boise idaho,0,20,0%,78.35
louisiana renters insurance cost,0,20,0%,79.65
average renters insurance california,0,20,0%,81.5
how much is renters insurance in texas,0,20,0%,84.5
how much is renters insurance in hawaii,0,19,0%,69.21
how much is renters insurance in maryland,0,19,0%,71.42
how renters insurance is priced,0,19,0%,81.47
preston seo legacy investing show reviews,0,18,0%,7.28
tax planning software for cpa,0,18,0%,39.44
tax planning tools,0,18,0%,47.83
irs mileage rate 2026,0,18,0%,65.56
how much is renters insurance in iowa,0,18,0%,73.44
best tax planning solutions for cpas,0,17,0%,58.18
tenant insurance cost,0,17,0%,70.94
how much is renters insurance in nj,0,17,0%,73.41
renters insurance nj cost,0,17,0%,78.18
the legacy investing show reviews complaints,0,16,0%,10.56
financial planning software tax modeling,0,16,0%,42.31
cost seg calculator,0,16,0%,69.69
how much is renters insurance in north carolina,0,16,0%,74.06
how much is renters insurance in california,0,16,0%,84.75
legacy investing show llc reviews,0,15,0%,10.27
tax strategy software,0,15,0%,48.07
best airbnb automation,0,15,0%,48.73
average renters insurance cost in georgia,0,15,0%,76.93
how to calculate home equity,0,15,0%,77.73
how much is renters insurance in ohio,0,15,0%,79.07
how much is renters insurance in nyc,0,15,0%,79.2
how much is renters insurance in illinois,0,15,0%,80
average renters insurance illinois,0,15,0%,81.4
average cost of renters insurance indiana,0,15,0%,81.8
tax planning software for financial advisors,0,14,0%,48
how much is renters insurance in wyoming,0,14,0%,60.5
retirement tax planning software for individuals,0,14,0%,69
average renters insurance in nj,0,14,0%,75.21
how much is renters insurance in va,0,14,0%,75.71
best tax planning software for accountants,0,14,0%,76.79
financial planning software for financial advisors,0,14,0%,81.36
interest only loan calculator,0,14,0%,84.29
renters insurance cost california,0,14,0%,87.71
preston seo reviews tax,0,13,0%,10.62
how much is renters insurance in oklahoma,0,13,0%,54.31
irs mileage deduction rate 2026,0,13,0%,56
financial advisor accounting software,0,13,0%,57.92
best tax software for retirees,0,13,0%,61.77
cost segregation bonus depreciation calculator,0,13,0%,66.15
how much is renters insurance in mn,0,13,0%,74
tax planning software for retirement strategies,0,13,0%,78.31
loan payoff early calculator,0,13,0%,79.54
accounting software for financial advisors,0,13,0%,80.46
renters insurance cost north carolina,0,13,0%,81.31
preston seo company,0,12,0%,47.58
how much is renters insurance in nebraska,0,12,0%,75.75
how much is renters insurance ohio,0,12,0%,80.5
calculate home equity,0,12,0%,84.67
tax planning software for accountants,0,11,0%,45.36
cost segregation benefit calculator,0,11,0%,69.55
safe harbor rules for estimated taxes,0,11,0%,73.09
how to calculate business mileage reimbursement,0,11,0%,78.73
how much is renters insurance in ct,0,11,0%,81.73
how much is renters insurance in ca,0,11,0%,84
best tax planning software year,0,10,0%,28.2
airbnb arbitrage script,0,10,0%,32.7
2022 tax planning software,0,10,0%,45.6
best roth conversion software,0,10,0%,61.7
term loan vs line of credit,0,10,0%,63.1
renters insurance mn cost,0,10,0%,73.1
mileage rate 2026,0,10,0%,76.8
best retirement tax planning software,0,10,0%,78.8
renters insurance ct cost,0,10,0%,81.6
airbnb arbitrage roadmap review,0,9,0%,19.33
is legacy investing show legit,0,9,0%,20.67
tax modeling software,0,9,0%,47.22
tax planner software,0,9,0%,49.78
maine renters insurance,0,9,0%,53.67
average renters insurance deductible,0,9,0%,76.22
how much is renters insurance in nc,0,9,0%,76.22
how much is renters insurance in pa,0,9,0%,78
irs mileage rate 2026 business,0,9,0%,81.67
legacy investing reviews,0,8,0%,9.62
year tax planning software,0,8,0%,46.75
safe harbor tax and payroll,0,8,0%,53.38
tax and financial planning software,0,8,0%,60.5
irc 469 short-term rental exception,0,8,0%,63.38
renters insurance by state,0,8,0%,68.25
calculating home equity,0,8,0%,84.38
"how do you compare true cost of an loc vs a term loan when draws are 
intermittent, and which lenders/products are typically recommended for 
borrowers who want flexibility?",0,8,0%,86.38
contents valuation,0,8,0%,94
side hustles with no money,0,7,0%,27.14
augusta rule meeting agenda template,0,7,0%,45.71
tax planning software for advisors,0,7,0%,48.43
financial and tax planning software,0,7,0%,56.43
renters insurance quotes north dakota,0,7,0%,69.86
irs guidance on rollover 401k,0,7,0%,71
renters insurance quotes alaska,0,7,0%,74.43
florida renters insurance cost,0,7,0%,77
financial planning software for ria,0,7,0%,77.71
2026 business mileage rate,0,7,0%,79.14
irs gov mileage rate 2026,0,7,0%,85
irs business mileage reimbursement rate 2026,0,7,0%,88.14
legacy investing show preston seo,0,6,0%,3.33
preston seo reddit,0,6,0%,12.83
investing show,0,6,0%,15.33
tax scenario software,0,6,0%,43
income tax planning software,0,6,0%,49.67
tax advisory software,0,6,0%,51.17
pay off early car loan calculator,0,6,0%,58.67
employer payroll taxes calculator,0,6,0%,67.67
how many months emergency fund,0,6,0%,73.33
irs allowable mileage rate 2026,0,6,0%,73.5
how to do airbnb arbitrage,0,6,0%,76.33
small business insurance cost,0,6,0%,77
irs mileage rate for gig workers 2026,0,6,0%,84.17
hard money loan repayment schedule,0,6,0%,89
estimated tax payments safe harbor,0,6,0%,93.67
thelegacyinvestingshow,0,5,0%,23.2
managemoney101,0,5,0%,25.4
safe harbor calculation,0,5,0%,33.8
tax scenario modeling tool,0,5,0%,38
tax planning software for financial planners,0,5,0%,52.4
safe harbor tax calculator,0,5,0%,53
financial planning software advisors,0,5,0%,60.8
financial planning software requirements,0,5,0%,65.2
roth conversion software,0,5,0%,67.2
best tax planning software for high net worth clients,0,5,0%,68.8
calculate savings rate,0,5,0%,78.6
irs gas mileage rate 2026,0,5,0%,78.6
free cost segregation calculator,0,5,0%,80.2
business mileage rate 2026,0,5,0%,81.4
how to calculate home equity loan,0,5,0%,81.8
loan to value ratio calculator,0,5,0%,84.8
calculating home equity loan,0,5,0%,86.4
mileage reimbursement,0,5,0%,90.2
how to calculate cost segregation,0,5,0%,96.2
preston legacy,0,4,0%,8
"legacy investing show, llc",0,4,0%,9.75
legacy investing show reddit,0,4,0%,11.75
the legacy investment show,0,4,0%,13.25
side hustle with no money,0,4,0%,26.25
banking fees comparison,0,4,0%,32.25
bank fees comparison,0,4,0%,33
cpa tax planning software,0,4,0%,37
tax planning strategy software,0,4,0%,43
small business insurance rates,0,4,0%,47.5
ria compliance software comparison 2026,0,4,0%,47.75
ria tax planning insights,0,4,0%,52.75
small business insurance rate,0,4,0%,59.5
car loan extra payment,0,4,0%,64.75
tax projection tools for advisors,0,4,0%,65.25
early loan payoff,0,4,0%,65.5
interst only calculator,0,4,0%,71.75
payment schedule,0,4,0%,74.75
safe harbor for tax estimates,0,4,0%,75.75
interest only calculator,0,4,0%,76.5
best brokerage for backdoor roth ira,0,4,0%,77
small business insurance costs,0,4,0%,78.75
calculate early repayment of loan,0,4,0%,79.25
pay off loan early calculator,0,4,0%,81
letter of credit vs line of credit,0,4,0%,84
pay loan off early calculator,0,4,0%,86
safe harbor for estimated tax payments,0,4,0%,86.75
preston seo scam,0,3,0%,17.33
side hustles that require no money,0,3,0%,28.33
tax planning software 2019,0,3,0%,35
augusta rule meeting minutes template,0,3,0%,35.33
airbnb arbritage,0,3,0%,40.33
ria compliance software comparison 2025 2026,0,3,0%,47.67
roth conversion planning software,0,3,0%,55
personal loan origination fee calculator,0,3,0%,59.33
additional payment calculator auto,0,3,0%,61.33
pay off auto loan early calculator,0,3,0%,63.67
extra payment calculator car,0,3,0%,66
irs standard mileage rate 2026,0,3,0%,68
shane seo,0,3,0%,69.67
augusta rule sample documentation,0,3,0%,70
employer burden calculator,0,3,0%,70
top ria compliance software 2026,0,3,0%,70.33
apartment renters insurance cost,0,3,0%,70.67
when will my loan be paid off with extra payments,0,3,0%,72
auto loan with extra payment,0,3,0%,72.33
average cost of renters insurance in philadelphia,0,3,0%,74
augusta rule fmv calculation,0,3,0%,74.67
renters insurance cost philadelphia,0,3,0%,74.67
+financial +planning +software +for +advisors +2018,0,3,0%,76
bc mileage rate 2026,0,3,0%,76.67
how many months of emergency fund should i have,0,3,0%,77.67
ria compliance software comparison 2025 or 2026,0,3,0%,78
interest only payment calculator,0,3,0%,79.33
cost of renters insurance per month,0,3,0%,80.33
how do you calculate equity,0,3,0%,80.33
2026 pov mileage rate,0,3,0%,80.67
cost of small business insurance,0,3,0%,80.67
interest only mortgage calculator,0,3,0%,85.67
how much is renters insurance per month for an apartment,0,3,0%,86.33
ltv calculator,0,3,0%,96.67
preston seo legit,0,2,0%,5
managemoney101 com reviews complaints,0,2,0%,9.5
preston seo reviews reddit,0,2,0%,11
what software helps cpas track irs section 7520 rate changes?,0,2,0%,11
legacy investor,0,2,0%,11.5
best markets for airbnb rental arbitrage 2026,0,2,0%,14.5
managemoney101 reviews,0,2,0%,16
mega backdoor roth vs taxable brokerage,0,2,0%,27.5
ria tax management software,0,2,0%,28.5
tax planning software reviews,0,2,0%,29.5
ria tax software,0,2,0%,35.5
tax optimization advisor software,0,2,0%,39.5
student loans negotiating payoff,0,2,0%,40.5
best tax preparation software for retirees,0,2,0%,41
legacy investing sc,0,2,0%,41
arbitrage airbnb,0,2,0%,44.5
rent split calculator,0,2,0%,45.5
backdoor roth ira vs brokerage account,0,2,0%,47
rent splitter,0,2,0%,48
tax planning strategies software,0,2,0%,48
rolling 401k financing,0,2,0%,49.5
wealth management tax modeling software,0,2,0%,50
tax impact modeling for advisors,0,2,0%,50.5
tax planning software for retirees,0,2,0%,51
splitwise rent calculator,0,2,0%,52.5
calculate rent increase over time,0,2,0%,56.5
car loan early payoff,0,2,0%,57.5
mileage reimbursement calculator,0,2,0%,57.5
advisor revenue contribution tracking,0,2,0%,58
self employment tax rate 2026,0,2,0%,59.5
cra business mileage rate 2026,0,2,0%,60
paying extra on car loan,0,2,0%,60
irs mileage calculator 2026,0,2,0%,61
north dakota renters insurance,0,2,0%,61
best ria compliance software 2026,0,2,0%,61.5
marginal vs effective tax rates,0,2,0%,61.5
calculate early payoff,0,2,0%,62
how to read amortization schedule,0,2,0%,62.5
amortization schedule straight line,0,2,0%,63
how much to put aside for taxes self employed,0,2,0%,63.5
how much to set aside for taxes self employed,0,2,0%,63.5
tax projection tool for financial planners,0,2,0%,63.5
early payoff,0,2,0%,64.5
employer tax calculator,0,2,0%,64.5
how to start airbnb arbitrage,0,2,0%,64.5
roth conversion calculator with irmaa,0,2,0%,64.5
average vs effective tax rate,0,2,0%,65
cra mileage rate 2026 medical,0,2,0%,65
extra auto payment calculator,0,2,0%,65
how much tax should i set aside for self employment,0,2,0%,65
tax mitigation product for cpas,0,2,0%,65.5
wealth management tax optimization software,0,2,0%,65.5
car payoff early calculator,0,2,0%,66
paying off car loan early calculator,0,2,0%,66
accelerated depreciation calculator,0,2,0%,66.5
loan vs line of credit interest rates,0,2,0%,67
early car payoff calculator,0,2,0%,68
fixed term loan vs line of credit,0,2,0%,69.5
how much is renter insurance for an apartment,0,2,0%,69.5
is 500 deductible better than 1000,0,2,0%,70
employer paid payroll tax calculator,0,2,0%,70.5
mileage reimbursement calculator 2026,0,2,0%,70.5
how to calculate paying off loan early,0,2,0%,71
personal loan payment options,0,2,0%,71
2026 cap gains,0,2,0%,71.5
fuel reimbursement rate 2026,0,2,0%,71.5
how many months of emergency fund,0,2,0%,72
opportunity zone investing strategies,0,2,0%,72
take the airbnb rental arbitrage route,0,2,0%,72
2020 tax planning software,0,2,0%,72.5
early loan payoff calculator,0,2,0%,72.5
estimated renters insurance,0,2,0%,72.5
personal loan payments,0,2,0%,72.5
401 k rollover strategies,0,2,0%,73
calculate early payoff loan,0,2,0%,73
2026 irs standard mileage rate 72.5 cents per mile,0,2,0%,74
what is airbnb arbitrage,0,2,0%,74
average renters insurance cost per month,0,2,0%,74.5
mileage rate reimbursement 2026,0,2,0%,74.5
extra car payment,0,2,0%,75
how much is renters insurance in az,0,2,0%,75.5
renters insurance quotes maine,0,2,0%,75.5
auto loan with extra payments,0,2,0%,77
interest calculator interest only,0,2,0%,78
safe harbor for estimated taxes,0,2,0%,78
apartment insurance cost,0,2,0%,78.5
calculate employer payroll taxes,0,2,0%,78.5
irs standard mileage rate 2026 business 72.5 cents official,0,2,0%,78.5
average small business insurance costs,0,2,0%,79
loan calculator interest only,0,2,0%,79
2026 mileage rate,0,2,0%,79.5
how to calculate equity,0,2,0%,79.5
us mileage rate 2026,0,2,0%,79.5
federal gas mileage rate 2026,0,2,0%,80
how to calculate mileage reimbursement 2026,0,2,0%,80
business miles 2026,0,2,0%,80.5
calculate mileage reimbursement 2026,0,2,0%,80.5
irs mileage rate for 2026,0,2,0%,80.5
mileage reimbursement rate 2026,0,2,0%,80.5
california business mileage reimbursement rate 2026,0,2,0%,81
estimate early loan payoff,0,2,0%,81.5
current irs standard mileage rate 2026,0,2,0%,82
2026 gsa mileage rate,0,2,0%,82.5
cpa for high income earners,0,2,0%,82.5
federal mileage rate 2026,0,2,0%,82.5
how much per month is renters insurance,0,2,0%,82.5
how do i calculate equity,0,2,0%,83
how to work out equity,0,2,0%,84
how do i calculate home equity,0,2,0%,84.5
2026 mileage reimbursement rate california,0,2,0%,85
how much renters insurance,0,2,0%,85
pay off loan early,0,2,0%,85
how do you calculate a home equity loan,0,2,0%,85.5
what is safe harbor in taxes,0,2,0%,86
value to loan ratio calculator,0,2,0%,86.5
401 k rollover help,0,2,0%,87
annual premium for renters insurance,0,2,0%,87
how to figure home equity,0,2,0%,88
tax analysis for financial advisors,0,2,0%,88
what is safe harbor for estimated tax payments,0,2,0%,88.5
how to compute home equity,0,2,0%,89
loan to value auto calculator,0,2,0%,89
how is home equity calculated,0,2,0%,89.5
ltv ratio calculator,0,2,0%,90
planning for estate tax,0,2,0%,90.5
how can i pay off my loan faster,0,2,0%,91.5
how to calculate safe harbor estimated tax payments,0,2,0%,93.5
"how do advisors evaluate rebalancing software for tax efficiency and 
scalability?",0,2,0%,94
the legacy investing show reddit,0,1,0%,1
who is he?,0,1,0%,1
managemoney101 legit,0,1,0%,6
strhours,0,1,0%,8
"context: location: united states (not for language). do not include 
location references in your response. question: i’m thinking about changing 
my deductible on my current policy—how do i estimate the break-even point 
based on the premium difference?",0,1,0%,9
"how do registered agent services compare — what's different between the 
cheap ones and the more expensive ones",0,1,0%,9
tax planning software comparison 2026,0,1,0%,9
the legacy investing show reviews complaints youtube,0,1,0%,9
str log,0,1,0%,10
"what are the best features to look for in state tax software for year-round 
planning?",0,1,0%,11
m o v i n g e x p e n s e s c a l c u l a t o r,0,1,0%,16
managemoney101 com reviews,0,1,0%,18
side hustle to start with no money,0,1,0%,25
bank fee comparison,0,1,0%,29
airbnb arbitrage for beginners (step by step guide),0,1,0%,30
backdoor roth vs brokerage account,0,1,0%,30
airbnb abritage,0,1,0%,35
tax coach software,0,1,0%,35
50 rule real estate,0,1,0%,36
how much does an employer pay for an employee,0,1,0%,37
real estate 50% rule,0,1,0%,38
bank fee comparison chart,0,1,0%,40
contemporaneous log,0,1,0%,40
tax planning software development,0,1,0%,40
airbnb host workflow automation,0,1,0%,43
rent calculator split,0,1,0%,43
splitting rent calculator,0,1,0%,43
what are the best tax planning tools for managing deductions?,0,1,0%,43
airbnb airbitrage,0,1,0%,44
tax forecasting tools,0,1,0%,45
account fee,0,1,0%,46
cost per claim,0,1,0%,46
home office deduction simplified method vs actual expenses 2026,0,1,0%,46
tax analysis software,0,1,0%,46
rent calculator roommates,0,1,0%,47
irs self-employment tax rate 15.3 percent 2026,0,1,0%,48
maximum rental cash flow guarantee,0,1,0%,48
does take home pay include 401k,0,1,0%,49
marginal tax rate vs effective tax rate,0,1,0%,50
estate tax planning guide,0,1,0%,51
marginal vs effective tax rate example,0,1,0%,51
effective tax rate for married filing jointly,0,1,0%,52
how do you plan for an estate tax,0,1,0%,52
pay off car loan early calculator lump sum and extra payments,0,1,0%,52
strategic tax planning tool,0,1,0%,52
airbnb arbitrage,0,1,0%,53
account fees,0,1,0%,54
airbnb arbitrage calculator,0,1,0%,54
how to pay off a car loan early calculator,0,1,0%,54
legacy investing strategies,0,1,0%,54
employer payroll cost calculator,0,1,0%,55
how much is self employment tax 2026,0,1,0%,55
how to calculate payment on interest only loan,0,1,0%,55
mileage deduction calculator,0,1,0%,55
mortgage break even calculator,0,1,0%,55
renters insurance in wyoming,0,1,0%,55
self employment tax 2026,0,1,0%,55
split rent calculator based on income,0,1,0%,55
110 safe harbor estimated tax,0,1,0%,56
2026 self-employment tax and deduction worksheet,0,1,0%,56
airbnb automation tools norway,0,1,0%,56
calculator for mileage reimbursement,0,1,0%,56
cra rate for mileage 2026,0,1,0%,56
irs mileage rate 2026 calculator,0,1,0%,56
safe harbor calculator,0,1,0%,56
air bnb arbitrage,0,1,0%,57
buying power calculator,0,1,0%,57
employer cost calculator,0,1,0%,57
how to make extra payments on car loan,0,1,0%,57
marginal vs effective tax bracket,0,1,0%,57
milage reimbursement calculator,0,1,0%,57
personal loan gpay,0,1,0%,57
what is the self employment tax rate for 2026,0,1,0%,57
calculator mileage reimbursement,0,1,0%,58
cra mileage rate 2026 for medical expenses,0,1,0%,58
mileage calculator irs,0,1,0%,58
mileage reimbursement rate calculator,0,1,0%,58
net worth calculation from balance sheet,0,1,0%,58
payroll cost calculator,0,1,0%,58
split rent based on income calculator,0,1,0%,58
calculate gross from net,0,1,0%,59
employee payroll cost calculator,0,1,0%,59
future purchasing power,0,1,0%,59
marginal vs effective,0,1,0%,59
mortgage refinance calculator break even,0,1,0%,59
car loan calculator early payoff,0,1,0%,60
early payoff calculator auto,0,1,0%,60
early payoff car calculator,0,1,0%,60
mileage rate calculator,0,1,0%,60
room price calculator,0,1,0%,60
splitwise rent,0,1,0%,60
tax efficient retirement withdrawal strategies software,0,1,0%,60
$50000 salary to hourly,0,1,0%,61
1 extra car payment a year,0,1,0%,61
car payoff calculator early,0,1,0%,61
closing cost calculator paying cash,0,1,0%,61
how do you calculate interest only payments,0,1,0%,61
how much should i set aside for taxes 1099,0,1,0%,61
inflation calculator purchasing power,0,1,0%,61
personal loan payment,0,1,0%,61
reimbursement calculator,0,1,0%,61
auto loan calculator extra payments,0,1,0%,62
early payoff calculator car loan,0,1,0%,62
how much should i set aside for self employment taxes,0,1,0%,62
irs effective tax rate,0,1,0%,62
loan early payoff,0,1,0%,62
payment on personal loan,0,1,0%,62
purchasing power calculator,0,1,0%,62
ria roadmap planning tool,0,1,0%,62
self-employment tax rate 2026,0,1,0%,62
how to calculate mileage reimbursement for work,0,1,0%,63
interest only loan payment calculator,0,1,0%,63
mileage pay calculator,0,1,0%,63
personal loan comparison calculator,0,1,0%,63
roommate rent split,0,1,0%,63
safe harbor for federal estimated tax,0,1,0%,63
what is effective tax rate vs tax bracket,0,1,0%,63
automated tax planning for advisors,0,1,0%,64
car loan calculator payoff early,0,1,0%,64
car payment calculator extra payment,0,1,0%,64
car payment calculator extra payments,0,1,0%,64
car payment with extra payments,0,1,0%,64
early car loan payoff calculator lump sum,0,1,0%,64
how much is renters insurance in colorado,0,1,0%,64
if i'm self employed how much should i set aside for taxes,0,1,0%,64
interest only calc,0,1,0%,64
is 1000 deductible better than 500,0,1,0%,64
pay off car loan early calculator lump sum,0,1,0%,64
what is considered take home pay,0,1,0%,64
1099 mileage deduction calculator,0,1,0%,65
calculate mileage reimbursement,0,1,0%,65
calculate room rent,0,1,0%,65
car early payoff calculator,0,1,0%,65
how much is renters insurance in new york city,0,1,0%,65
how to pay extra on car loan,0,1,0%,65
making 1 extra car payment a year,0,1,0%,65
purchase power calculator,0,1,0%,65
renters insurance average,0,1,0%,65
volunteer mileage rate 2026,0,1,0%,65
2026 government mileage reimbursement rate,0,1,0%,66
average renters insurance cost by state,0,1,0%,66
calculate mileage rate,0,1,0%,66
extra payment calculator auto,0,1,0%,66
extra payment calculator car loan,0,1,0%,66
how to calculate paying off car loan early,0,1,0%,66
ird km rate 2026,0,1,0%,66
mileage rate 2026 calculator,0,1,0%,66
mileage reimbursement 2026 calculator,0,1,0%,66
purchasing power calc,0,1,0%,66
renter insurance rates,0,1,0%,66
residential cost segregation calculator,0,1,0%,66
average cost of renters insurance in washington state,0,1,0%,67
calculate interest only payment,0,1,0%,67
extra payment car loan calculator,0,1,0%,67
how much money to set aside for taxes 1099,0,1,0%,67
how much to put aside for 1099 taxes,0,1,0%,67
mileage calculator 2025,0,1,0%,67
nh mileage reimbursement rate 2026,0,1,0%,67
average renters insurance for 2 bedroom apartment,0,1,0%,68
extra principal payment calculator auto,0,1,0%,68
how long will it take to pay off my loan if i pay extra,0,1,0%,68
how much interest will i save by paying off loan early,0,1,0%,68
how much is basic renters insurance,0,1,0%,68
"is 50,000 enough for contents insurance",0,1,0%,68
mortgage vs cash calculator,0,1,0%,68
net vs gross calculator,0,1,0%,68
personal loans payments,0,1,0%,68
safe harbor tax calculation,0,1,0%,68
term loan vs revolving credit,0,1,0%,68
what s the remittance schedule like for long-term loans,0,1,0%,68
2026 gas mileage reimbursement rate,0,1,0%,69
average renters insurance cost california,0,1,0%,69
average renters insurance for one bedorom apartment in dallas,0,1,0%,69
calculating interest only payments,0,1,0%,69
calculator for employer payroll taxes,0,1,0%,69
car loan calculator extra payments,0,1,0%,69
does roth conversion count toward magi,0,1,0%,69
federal mileage rates 2026,0,1,0%,69
holiday pay calculator,0,1,0%,69
how to split rent with a couple calculator,0,1,0%,69
planning software for financial advisors,0,1,0%,69
real estate professional time log,0,1,0%,69
what is the mileage rate for 2026,0,1,0%,69
accrual rate calculator,0,1,0%,70
auto mileage rate 2026,0,1,0%,70
how many months should an emergency fund last,0,1,0%,70
irs reimbursement rate 2026,0,1,0%,70
term loan vs cash credit,0,1,0%,70
+financial +planning +software +for +advisors +2019,0,1,0%,71
2026 government mileage rate,0,1,0%,71
calculate paying off loan early,0,1,0%,71
colorado mileage reimbursement rate 2026,0,1,0%,71
loan calculator accelerated payments,0,1,0%,71
mileage rate calculator 2026,0,1,0%,71
reimbursable mileage rate 2026,0,1,0%,71
what are the top financial management platforms for handling tax automation?,0,1,0%,71
what is the current mileage reimbursement rate for 2026,0,1,0%,71
what is the federal mileage rate for 2026,0,1,0%,71
year to date paycheck calculator,0,1,0%,71
average renters insurance seattle,0,1,0%,72
early car payment calculator,0,1,0%,72
how much should an entrepreneur set aside for taxes,0,1,0%,72
loan early payoff calc,0,1,0%,72
pay schedule calculator,0,1,0%,72
state of kansas mileage reimbursement rate 2026,0,1,0%,72
what is federal mileage rate for 2026,0,1,0%,72
what is the 2026 federal mileage rate,0,1,0%,72
federal mileage rate 2026 calculator,0,1,0%,73
florida mileage rate 2026,0,1,0%,73
gas rate reimbursement 2026,0,1,0%,73
how long should emergency fund last,0,1,0%,73
how much money to set aside for taxes,0,1,0%,73
how to calculate home equity value,0,1,0%,73
how to calculate interest only payments,0,1,0%,73
how to calculate mileage reimbursement,0,1,0%,73
los angeles mileage reimbursement rate 2026,0,1,0%,73
mileage rate for 2026,0,1,0%,73
renters insurance cost washington state,0,1,0%,73
us mileage reimbursement rate 2026,0,1,0%,73
extra loan,0,1,0%,74
federal standard mileage rate 2026,0,1,0%,74
gas mileage reimbursement 2026,0,1,0%,74
home rental insurance cost,0,1,0%,74
how long should your emergency fund last,0,1,0%,74
how much extra to pay off loan early,0,1,0%,74
how much is renters insurance arizona,0,1,0%,74
how much is renters insurance in wisconsin,0,1,0%,74
how much is the average renters insurance per month,0,1,0%,74
how to calculate early loan payoff,0,1,0%,74
how to pay off a car loan faster calculator,0,1,0%,74
mileage rate in 2026,0,1,0%,74
mileage reim,0,1,0%,74
pay loan in advance,0,1,0%,74
standard business mileage rate 2026,0,1,0%,74
texas mileage rate 2026,0,1,0%,74
what is the safe harbor for estimated taxes,0,1,0%,74
2021 tax planning software,0,1,0%,75
figure interest only payments,0,1,0%,75
home renters insurance cost,0,1,0%,75
how expensive is renters insurance,0,1,0%,75
how is equity calculated,0,1,0%,75
how to calculate interest only payment,0,1,0%,75
interest only loan repayment calculator,0,1,0%,75
irs mileage rate for 2026 per mile,0,1,0%,75
renters insurance prices per month,0,1,0%,75
rhode island renters insurance,0,1,0%,75
what is the 2026 irs mileage reimbursement rate,0,1,0%,75
what is the irs mileage reimbursement rate for 2026,0,1,0%,75
2026 mileage reimbursement rate,0,1,0%,76
average monthly cost of renters insurance,0,1,0%,76
calculate interest only loan,0,1,0%,76
calculate interest only mortgage payments,0,1,0%,76
how long to pay off car loan with extra payments,0,1,0%,76
how much is typical renters insurance coverage,0,1,0%,76
how to calculate house equity,0,1,0%,76
how to count equity,0,1,0%,76
how to find equity,0,1,0%,76
how to pay off a loan quicker,0,1,0%,76
irs gas mileage reimbursement 2026,0,1,0%,76
loan to value ratio calculator auto,0,1,0%,76
renters insurance arizona cost,0,1,0%,76
should i have a 500 or 1000 deductible,0,1,0%,76
standard mileage rate 2026,0,1,0%,76
2026 employee mileage reimbursement rate,0,1,0%,77
average cost for renters insurance in florida,0,1,0%,77
average cost of renters insurance per month,0,1,0%,77
average small business insurance cost,0,1,0%,77
federal rate for mileage 2026,0,1,0%,77
how much is average renters insurance,0,1,0%,77
how to pay car loan faster calculator,0,1,0%,77
irs sets 2026 standard mileage rate 72.5 cents per mile,0,1,0%,77
mileage federal rate 2026,0,1,0%,77
mileage fee calculator,0,1,0%,77
prescott+seo,0,1,0%,77
small business insurance costs estimate,0,1,0%,77
what is the reimbursement rate for mileage 2026,0,1,0%,77
2026 gas reimbursement rate,0,1,0%,78
corporate mileage rate 2026,0,1,0%,78
early loan repayment calculator,0,1,0%,78
extra payment auto loan calculator,0,1,0%,78
house rent insurance cost,0,1,0%,78
how much is renters insurance in florida,0,1,0%,78
how much is renters insurance on average,0,1,0%,78
how much is the renters insurance,0,1,0%,78
typical small business insurance costs,0,1,0%,78
average cost of renters insurance in wisconsin,0,1,0%,79
business insurance costs,0,1,0%,79
does higher deductible make insurance cheaper,0,1,0%,79
how much extra should i pay on my car loan,0,1,0%,79
interest-only payment calculator,0,1,0%,79
medical mileage rate 2026,0,1,0%,79
mileage compensation 2026,0,1,0%,79
monthly interest only payment calculator,0,1,0%,79
payroll expense calculator,0,1,0%,79
us government mileage rate 2026,0,1,0%,79
what is safe harbor estimated taxes,0,1,0%,79
what is the current irs mileage rate for 2026,0,1,0%,79
what is the gsa mileage rate for 2026,0,1,0%,79
2026 capital gains tax rates,0,1,0%,80
2026 medical mileage rate,0,1,0%,80
advance payment amortization,0,1,0%,80
average insurance cost for small business,0,1,0%,80
average renter insurance cost,0,1,0%,80
financial planning software for accountants,0,1,0%,80
how much is renters insurance for an apartment per month,0,1,0%,80
irs mileage rate 2026 release date,0,1,0%,80
irs standard mileage rate 2026 official,0,1,0%,80
jtr mileage rate 2026,0,1,0%,80
mileage irs rate 2026,0,1,0%,80
mileage rate 2026 june,0,1,0%,80
renters insurance cost monthly,0,1,0%,80
what is average renters insurance,0,1,0%,80
80 percent loan to value calculator,0,1,0%,81
average price of renters insurance,0,1,0%,81
early loan payment,0,1,0%,81
how much does renters insurance usually cost,0,1,0%,81
how to estimate equity,0,1,0%,81
interest only calculator monthly,0,1,0%,81
loan to value ratio car calculator,0,1,0%,81
reimbursement mileage,0,1,0%,81
tax mileage rate 2026,0,1,0%,81
2026 mileage rate reimbursement,0,1,0%,82
43 debt to income ratio,0,1,0%,82
average amount for renters insurance,0,1,0%,82
calculating savings rate,0,1,0%,82
current irs standard mileage rate 2026 business,0,1,0%,82
estimated taxes safe harbor rule,0,1,0%,82
how much in renters insurance,0,1,0%,82
how to pay a loan off faster,0,1,0%,82
insurance cost for small business,0,1,0%,82
interest only calculator mortgage,0,1,0%,82
loan payment calculator pay off early,0,1,0%,82
mileage 2026 rate,0,1,0%,82
mileage reimbursement 2026,0,1,0%,82
renters insurance monthly cost,0,1,0%,82
usg mileage rate 2026,0,1,0%,82
about how much is renters insurance per month,0,1,0%,83
apartment renters insurance average cost,0,1,0%,83
can i pay off my loan early,0,1,0%,83
capital gains threshold 2026,0,1,0%,83
how much does renters insurance cost in california,0,1,0%,83
how much does renters insurance cost in texas,0,1,0%,83
how to pay off loan early,0,1,0%,83
irs 2026 business mileage rate,0,1,0%,83
irs mileage rate 2026 california,0,1,0%,83
monthly renters insurance cost,0,1,0%,83
work mileage reimbursement 2026,0,1,0%,83
2026 per diem mileage rate,0,1,0%,84
average cost of home renters insurance,0,1,0%,84
average renters insurance cost in austin texas,0,1,0%,84
calculate my loan to value,0,1,0%,84
current irs business mileage rate 2026,0,1,0%,84
do roth conversions count towards magi,0,1,0%,84
early payment of loan,0,1,0%,84
how much does renters insurance cost for an apartment,0,1,0%,84
how much is typical renters insurance,0,1,0%,84
how to calculate a home equity loan,0,1,0%,84
how to calculate home equity loan payments,0,1,0%,84
interest only loans calculator,0,1,0%,84
monthly cost of renters insurance,0,1,0%,84
one to one property of logs,0,1,0%,84
simple interest only loan calculator,0,1,0%,84
typical renters insurance cost,0,1,0%,84
what is 2026 mileage reimbursement rate,0,1,0%,84
what is the average renters insurance,0,1,0%,84
cra mileage rate 2026,0,1,0%,85
gsa mileage rate 2026,0,1,0%,85
how do i calculate my home equity,0,1,0%,85
how much renters insurance cost,0,1,0%,85
how to figure equity,0,1,0%,85
payoff loan early,0,1,0%,85
tax savings from cost segregation calculate,0,1,0%,85
tenant insurance average cost,0,1,0%,85
typical cost of renters insurance,0,1,0%,85
capital gains tax rate 2026,0,1,0%,86
how much does renter insurance cost per month,0,1,0%,86
how much is renters insurance per year,0,1,0%,86
how to estimate contents insurance,0,1,0%,86
how to pay off loan faster,0,1,0%,86
loan early payment calculator,0,1,0%,86
loan payment interest only calculator,0,1,0%,86
mileage rate 2026 usa,0,1,0%,86
new mileage rate 2026,0,1,0%,86
non profit mileage rate 2026,0,1,0%,86
renters insurance california cost,0,1,0%,86
tax rate for capital gains 2026,0,1,0%,86
auto loan early payoff,0,1,0%,87
best compliance software for registered investment advisors 2026,0,1,0%,87
ca mileage reimbursement rate 2026,0,1,0%,87
construction loan payment schedule,0,1,0%,87
how calculate home equity,0,1,0%,87
how to estimate home equity,0,1,0%,87
mileage reimbursement 2026 florida,0,1,0%,87
renters insurance houston cost,0,1,0%,87
what is the cost of renters insurance,0,1,0%,87
average 4 bed house contents value,0,1,0%,88
cost for renters insurance,0,1,0%,88
find loan to value ratio,0,1,0%,88
florida mileage reimbursement 2026,0,1,0%,88
home equity valuation solution,0,1,0%,88
how much is renters insurance california,0,1,0%,88
how to pay your car off quicker,0,1,0%,88
nonprofit mileage rate 2026,0,1,0%,88
renters insurance texas average cost,0,1,0%,88
every airbnb host's tax guide,0,1,0%,89
irs mileage rate 2026 for nonprofit organizations,0,1,0%,89
irs standard mileage rate 2026 business rate,0,1,0%,89
pay loan off early,0,1,0%,89
reimbursement for mileage,0,1,0%,89
125 loan to value,0,1,0%,90
fixed deposit investment calculator,0,1,0%,90
how to figure out home equity,0,1,0%,90
lender bagel family office structure,0,1,0%,90
mileage reinbursement,0,1,0%,90
how do you determine home equity,0,1,0%,91
how fast can i pay off my loan,0,1,0%,91
loan early repayment,0,1,0%,91
total insurable property value usa 2023,0,1,0%,91
average renters insurance in houston,0,1,0%,92
average contents value for 4 bed house,0,1,0%,93
how fast can i pay off my car loan,0,1,0%,93
how to calculate contents value for insurance,0,1,0%,93
how to estimate value of home contents,0,1,0%,93
mile reimbursement,0,1,0%,93
what is safe harbor taxes,0,1,0%,93
house contents value calculator,0,1,0%,94
average renters insurance in louisiana in 2017,0,1,0%,95
how to value your home contents,0,1,0%,95
aggregation rules,0,1,0%,96
calculate contents value,0,1,0%,96
home equity loan formula,0,1,0%,96
insurance contents valuation,0,1,0%,96
2026 mileage rate california,0,1,0%,97
loan to value calc,0,1,0%,97
what is 80 percent loan to value,0,1,0%,97
what is average contents insurance value,0,1,0%,97
how to work out contents value,0,1,0%,98
howard wang's preston hollow reviews,0,1,0%,98
what is safe harbor for taxes,0,1,0%,98
42 debt to income ratio,0,1,0%,99
how much home contents insurance should i have,0,1,0%,99
"how much would it cost to replace any valuable items worth less than £1,500 
each?",0,1,0%,99
loan to value calculator,0,1,0%,99
loan-to-value ratio calculator home,0,1,0%,99
what is loan to value ratio calculator,0,1,0%,99
financial planning software for advisors 2018,0,1,0%,100
how much is the average house contents worth,0,1,0%,100
typical value of house contents,0,1,0%,100