id,slug,primary_keyword,title,category_key,search_intent,priority,score,competition_estimate,conversion_potential,status
1,"llc-vs-s-corp-tax-calculator","llc vs s corp tax calculator","Llc vs S Corp Tax Calculator: Which Strategy Works Better in 2026?",business_structures,comparison,P1,63,low,high,pending
2,"llc-vs-s-corp-taxes","llc vs s corp taxes","Llc vs S Corp Taxes: Which Strategy Works Better in 2026?",business_structures,comparison,P1,56,medium,high,pending
3,"llc-vs-s-corp-tax-advantages","llc vs s corp tax advantages","Llc vs S Corp Tax Advantages: Which Strategy Works Better in 2026?",business_structures,comparison,P1,56,low,high,pending
4,"llc-vs-s-corp-tax-implications","llc vs s corp tax implications","Llc vs S Corp Tax Implications: Which Strategy Works Better in 2026?",business_structures,comparison,P1,56,low,high,pending
5,"tax-strategy-vs-standard-deduction","tax strategy vs standard deduction","Tax Strategy vs Standard Deduction: Which Strategy Works Better in 2026?",tax_strategies,comparison,P1,51,medium,high,pending
6,"tax-strategy-vs-itemized-deductions","tax strategy vs itemized deductions","Tax Strategy vs Itemized Deductions: Which Strategy Works Better in 2026?",tax_strategies,comparison,P1,51,medium,high,pending
7,"retirement-withdrawal-strategy-calculator-with-taxes","retirement withdrawal strategy calculator with taxes","Retirement Withdrawal Strategy Calculator With Taxes: Practical Guide + Examples",retirement,commercial,P1,51,low,high,pending
8,"retirement-withdrawal-strategy-vs-taxable-brokerage","retirement withdrawal strategy vs taxable brokerage","Retirement Withdrawal Strategy vs Taxable Brokerage: Which Strategy Works Better in 2026?",retirement,comparison,P1,51,low,high,pending
9,"tax-deduction-vs-retirement-contributions","tax deduction vs retirement contributions","Tax Deduction vs Retirement Contributions: Which Strategy Works Better in 2026?",tax_strategies,comparison,P1,49,medium,high,pending
10,"best-tax-strategy-for-401k-withdrawal","best tax strategy for 401k withdrawal","Best Tax Strategy For 401k Withdrawal: Complete 2026 Guide",tax_strategies,commercial,P1,46,low,high,pending
11,"best-tax-strategy-for-ira-withdrawals","best tax strategy for ira withdrawals","Best Tax Strategy For Ira Withdrawals: Complete 2026 Guide",tax_strategies,commercial,P1,46,low,high,pending
12,"which-is-better-for-taxes-llc-or-s-corp","which is better for taxes llc or s corp","Which Is Better For Taxes Llc Or S Corp: Complete 2026 Guide",business_structures,informational,P1,46,low,high,pending
13,"best-tax-strategy-for-retirement","best tax strategy for retirement","Best Tax Strategy For Retirement: Complete 2026 Guide",tax_strategies,commercial,P1,44,medium,high,pending
14,"tax-deductions-for-seniors-2025","tax deductions for seniors 2025","Tax Deductions For Seniors 2025: Complete 2026 Guide",tax_strategies,informational,P1,44,medium,high,pending
15,"tax-deduction-for-seniors","tax deduction for seniors","Tax Deduction For Seniors: Complete 2026 Guide",tax_strategies,informational,P1,44,medium,high,pending
16,"tax-deduction-vs-credit","tax deduction vs credit","Tax Deduction vs Credit: Which Strategy Works Better in 2026?",tax_strategies,comparison,P1,44,medium,high,pending
17,"best-tax-deductions-for-individuals","best tax deductions for individuals","Best Tax Deductions For Individuals: Complete 2026 Guide",tax_strategies,commercial,P1,44,medium,high,pending
18,"best-tax-deductions-for-small-business","best tax deductions for small business","Best Tax Deductions For Small Business: Complete 2026 Guide",tax_strategies,commercial,P1,44,low,high,pending
19,"best-tax-deductions-for-w2-employees","best tax deductions for w2 employees","Best Tax Deductions For W2 Employees: Complete 2026 Guide",tax_strategies,commercial,P1,44,low,high,pending
20,"best-tax-deductions-for-self-employed","best tax deductions for self employed","Best Tax Deductions For Self Employed: Complete 2026 Guide",tax_strategies,commercial,P1,44,low,high,pending
21,"best-tax-deductions-for-high-income-earners","best tax deductions for high income earners","Best Tax Deductions For High Income Earners: Complete 2026 Guide",tax_strategies,commercial,P1,44,low,high,pending
22,"best-tax-deductions-for-business-owners","best tax deductions for business owners","Best Tax Deductions For Business Owners: Complete 2026 Guide",tax_strategies,commercial,P1,44,low,high,pending
23,"best-tax-deductions-for-small-business-owners","best tax deductions for small business owners","Best Tax Deductions For Small Business Owners: Complete 2026 Guide",tax_strategies,commercial,P1,44,low,high,pending
24,"best-tax-deductions-for-seniors","best tax deductions for seniors","Best Tax Deductions For Seniors: Complete 2026 Guide",tax_strategies,commercial,P1,44,medium,high,pending
25,"what-tax-deductions-for-rental-property","what tax deductions for rental property","What Tax Deductions For Rental Property: Complete 2026 Guide",tax_strategies,informational,P1,44,low,high,pending
26,"what-tax-deductions-for-homeowners","what tax deductions for homeowners","What Tax Deductions For Homeowners: Complete 2026 Guide",tax_strategies,informational,P1,44,medium,high,pending
27,"what-tax-deduction-for-mortgage","what tax deduction for mortgage","What Tax Deduction For Mortgage: Complete 2026 Guide",tax_strategies,informational,P1,44,medium,high,pending
28,"what-tax-deductions-for-small-business","what tax deductions for small business","What Tax Deductions For Small Business: Complete 2026 Guide",tax_strategies,informational,P1,44,low,high,pending
29,"how-is-qbi-deduction-calculated-for-s-corp","how is qbi deduction calculated for s corp","How Is Qbi Deduction Calculated For S Corp: Complete 2026 Guide",tax_strategies,informational,P1,44,low,high,pending
30,"tax-strategy-vs-retirement-contributions","tax strategy vs retirement contributions","Tax Strategy vs Retirement Contributions: Which Strategy Works Better in 2026?",tax_strategies,comparison,P1,44,medium,high,pending
31,"tax-deduction-for-high-earners","tax deduction for high earners","Tax Deduction For High Earners: Complete 2026 Guide",tax_strategies,informational,P1,44,medium,high,pending
32,"tax-deduction-for-small-business-owners","tax deduction for small business owners","Tax Deduction For Small Business Owners: Complete 2026 Guide",tax_strategies,informational,P1,44,low,high,pending
33,"tax-deduction-for-real-estate-investors","tax deduction for real estate investors","Tax Deduction For Real Estate Investors: Complete 2026 Guide",tax_strategies,informational,P1,44,low,high,pending
34,"tax-deduction-for-self-employed-professionals","tax deduction for self employed professionals","Tax Deduction For Self Employed Professionals: Complete 2026 Guide",tax_strategies,informational,P1,44,low,high,pending
35,"tax-deduction-for-physicians","tax deduction for physicians","Tax Deduction For Physicians: Complete 2026 Guide",tax_strategies,informational,P1,44,medium,high,pending
36,"tax-deduction-for-consultants","tax deduction for consultants","Tax Deduction For Consultants: Complete 2026 Guide",tax_strategies,informational,P1,44,medium,high,pending
37,"tax-deduction-vs-standard-deduction","tax deduction vs standard deduction","Tax Deduction vs Standard Deduction: Which Strategy Works Better in 2026?",tax_strategies,comparison,P1,44,medium,high,pending
38,"tax-deduction-vs-itemized-deductions","tax deduction vs itemized deductions","Tax Deduction vs Itemized Deductions: Which Strategy Works Better in 2026?",tax_strategies,comparison,P1,44,medium,high,pending
39,"tax-deduction-vs-entity-restructuring","tax deduction vs entity restructuring","Tax Deduction vs Entity Restructuring: Which Strategy Works Better in 2026?",tax_strategies,comparison,P1,44,medium,high,pending
40,"tax-deduction-vs-charitable-planning","tax deduction vs charitable planning","Tax Deduction vs Charitable Planning: Which Strategy Works Better in 2026?",tax_strategies,comparison,P1,44,medium,high,pending
41,"tax-deduction-for-beginners","tax deduction for beginners","Tax Deduction For Beginners: Complete 2026 Guide",tax_strategies,informational,P1,44,medium,high,pending
42,"tax-deduction-best-strategy","tax deduction best strategy","Tax Deduction Best Strategy: Complete 2026 Guide",tax_strategies,commercial,P1,44,medium,high,pending
43,"tax-planning-vs-standard-deduction","tax planning vs standard deduction","Tax Planning vs Standard Deduction: Which Strategy Works Better in 2026?",tax_strategies,comparison,P1,44,medium,high,pending
44,"tax-planning-vs-itemized-deductions","tax planning vs itemized deductions","Tax Planning vs Itemized Deductions: Which Strategy Works Better in 2026?",tax_strategies,comparison,P1,44,medium,high,pending
45,"estate-tax-planning-vs-standard-deduction","estate tax planning vs standard deduction","Estate Tax Planning vs Standard Deduction: Which Strategy Works Better in 2026?",tax_strategies,comparison,P1,44,low,high,pending
46,"estate-tax-planning-vs-itemized-deductions","estate tax planning vs itemized deductions","Estate Tax Planning vs Itemized Deductions: Which Strategy Works Better in 2026?",tax_strategies,comparison,P1,44,low,high,pending
47,"capital-gains-tax-vs-standard-deduction","capital gains tax vs standard deduction","Capital Gains Tax vs Standard Deduction: Which Strategy Works Better in 2026?",tax_strategies,comparison,P1,44,low,high,pending
48,"capital-gains-tax-vs-itemized-deductions","capital gains tax vs itemized deductions","Capital Gains Tax vs Itemized Deductions: Which Strategy Works Better in 2026?",tax_strategies,comparison,P1,44,low,high,pending
49,"retirement-withdrawal-strategy-tax-implications","retirement withdrawal strategy tax implications","Retirement Withdrawal Strategy Tax Implications: Complete 2026 Guide",retirement,informational,P1,44,medium,high,pending
50,"llc-vs-s-corporation","llc vs s corporation","Llc vs S Corporation: Which Strategy Works Better in 2026?",business_structures,comparison,P1,44,medium,high,pending
51,"s-corp-election-for-llc","s corp election for llc","S Corp Election For Llc: Complete 2026 Guide",business_structures,informational,P1,44,medium,high,pending
52,"how-to-make-s-corp-election-for-llc","how to make s corp election for llc","How To Make S Corp Election For Llc: Complete 2026 Guide",business_structures,informational,P1,44,low,high,pending
53,"s-corp-election-vs-professional-llc","s corp election vs professional llc","S Corp Election vs Professional Llc: Which Strategy Works Better in 2026?",business_structures,comparison,P1,44,low,high,pending
54,"best-tax-strategy-for-selling-stocks","best tax strategy for selling stocks","Best Tax Strategy For Selling Stocks: Complete 2026 Guide",tax_strategies,commercial,P2,39,low,medium,pending
55,"best-tax-strategy-for-high-income-earners","best tax strategy for high income earners","Best Tax Strategy For High Income Earners: Complete 2026 Guide",tax_strategies,commercial,P2,39,low,medium,pending
56,"best-tax-strategy-for-inherited-ira","best tax strategy for inherited ira","Best Tax Strategy For Inherited Ira: Complete 2026 Guide",tax_strategies,commercial,P2,39,low,medium,pending
57,"best-tax-strategy-for-small-business","best tax strategy for small business","Best Tax Strategy For Small Business: Complete 2026 Guide",tax_strategies,commercial,P2,39,low,medium,pending
58,"best-tax-strategy-for-day-traders","best tax strategy for day traders","Best Tax Strategy For Day Traders: Complete 2026 Guide",tax_strategies,commercial,P2,39,low,medium,pending
59,"tax-strategy-for-high-earners","tax strategy for high earners","Tax Strategy For High Earners: Complete 2026 Guide",tax_strategies,informational,P2,39,medium,medium,pending
60,"tax-strategy-for-small-business-owners","tax strategy for small business owners","Tax Strategy For Small Business Owners: Complete 2026 Guide",tax_strategies,informational,P2,39,low,medium,pending
61,"tax-strategy-for-real-estate-investors","tax strategy for real estate investors","Tax Strategy For Real Estate Investors: Complete 2026 Guide",tax_strategies,informational,P2,39,low,medium,pending
62,"tax-strategy-for-self-employed-professionals","tax strategy for self employed professionals","Tax Strategy For Self Employed Professionals: Complete 2026 Guide",tax_strategies,informational,P2,39,low,medium,pending
63,"tax-strategy-for-physicians","tax strategy for physicians","Tax Strategy For Physicians: Complete 2026 Guide",tax_strategies,informational,P2,39,medium,medium,pending
64,"tax-strategy-for-consultants","tax strategy for consultants","Tax Strategy For Consultants: Complete 2026 Guide",tax_strategies,informational,P2,39,medium,medium,pending
65,"tax-strategy-vs-entity-restructuring","tax strategy vs entity restructuring","Tax Strategy vs Entity Restructuring: Which Strategy Works Better in 2026?",tax_strategies,comparison,P2,39,medium,medium,pending
66,"tax-strategy-vs-charitable-planning","tax strategy vs charitable planning","Tax Strategy vs Charitable Planning: Which Strategy Works Better in 2026?",tax_strategies,comparison,P2,39,medium,medium,pending
67,"tax-strategy-for-beginners","tax strategy for beginners","Tax Strategy For Beginners: Complete 2026 Guide",tax_strategies,informational,P2,39,medium,medium,pending
68,"hsa-strategy-vs-standard-deduction","hsa strategy vs standard deduction","Hsa Strategy vs Standard Deduction: Which Strategy Works Better in 2026?",tax_strategies,comparison,P2,39,medium,medium,pending
69,"hsa-strategy-vs-itemized-deductions","hsa strategy vs itemized deductions","Hsa Strategy vs Itemized Deductions: Which Strategy Works Better in 2026?",tax_strategies,comparison,P2,39,medium,medium,pending
70,"retirement-withdrawal-strategy-calculator","retirement withdrawal strategy calculator","Retirement Withdrawal Strategy Calculator: Practical Guide + Examples",retirement,commercial,P2,39,medium,medium,pending
71,"best-retirement-withdrawal-strategy-calculator","best retirement withdrawal strategy calculator","Best Retirement Withdrawal Strategy Calculator: Practical Guide + Examples",retirement,commercial,P2,39,medium,medium,pending
72,"strategy-for-retirement-withdrawals","strategy for retirement withdrawals","Strategy For Retirement Withdrawals: Complete 2026 Guide",retirement,informational,P2,39,medium,medium,pending
73,"401k-strategy-vs-taxable-brokerage","401k strategy vs taxable brokerage","401k Strategy vs Taxable Brokerage: Which Strategy Works Better in 2026?",retirement,comparison,P2,39,medium,medium,pending
74,"ira-strategy-vs-taxable-brokerage","ira strategy vs taxable brokerage","Ira Strategy vs Taxable Brokerage: Which Strategy Works Better in 2026?",retirement,comparison,P2,39,medium,medium,pending
75,"retirement-withdrawal-strategy-for-pre-retirees","retirement withdrawal strategy for pre retirees","Retirement Withdrawal Strategy For Pre Retirees: Complete 2026 Guide",retirement,informational,P2,39,low,medium,pending
76,"retirement-withdrawal-strategy-for-early-retirees","retirement withdrawal strategy for early retirees","Retirement Withdrawal Strategy For Early Retirees: Complete 2026 Guide",retirement,informational,P2,39,low,medium,pending
77,"retirement-withdrawal-strategy-for-government-employees","retirement withdrawal strategy for government employees","Retirement Withdrawal Strategy For Government Employees: Complete 2026 Guide",retirement,informational,P2,39,low,medium,pending
78,"retirement-withdrawal-strategy-for-self-employed","retirement withdrawal strategy for self employed","Retirement Withdrawal Strategy For Self Employed: Complete 2026 Guide",retirement,informational,P2,39,low,medium,pending
79,"retirement-withdrawal-strategy-for-married-couples","retirement withdrawal strategy for married couples","Retirement Withdrawal Strategy For Married Couples: Complete 2026 Guide",retirement,informational,P2,39,low,medium,pending
80,"retirement-withdrawal-strategy-for-high-income-families","retirement withdrawal strategy for high income families","Retirement Withdrawal Strategy For High Income Families: Complete 2026 Guide",retirement,informational,P2,39,low,medium,pending
81,"retirement-withdrawal-strategy-vs-pension-options","retirement withdrawal strategy vs pension options","Retirement Withdrawal Strategy vs Pension Options: Which Strategy Works Better in 2026?",retirement,comparison,P2,39,low,medium,pending
82,"retirement-withdrawal-strategy-vs-cash-bucket-strategy","retirement withdrawal strategy vs cash bucket strategy","Retirement Withdrawal Strategy vs Cash Bucket Strategy: Which Strategy Works Better in 2026?",retirement,comparison,P2,39,low,medium,pending
83,"retirement-withdrawal-strategy-vs-bond-ladders","retirement withdrawal strategy vs bond ladders","Retirement Withdrawal Strategy vs Bond Ladders: Which Strategy Works Better in 2026?",retirement,comparison,P2,39,low,medium,pending
84,"retirement-withdrawal-strategy-vs-delayed-retirement","retirement withdrawal strategy vs delayed retirement","Retirement Withdrawal Strategy vs Delayed Retirement: Which Strategy Works Better in 2026?",retirement,comparison,P2,39,low,medium,pending
85,"retirement-withdrawal-strategy-for-beginners","retirement withdrawal strategy for beginners","Retirement Withdrawal Strategy For Beginners: Complete 2026 Guide",retirement,informational,P2,39,medium,medium,pending
86,"retirement-withdrawal-strategy-for-high-earners","retirement withdrawal strategy for high earners","Retirement Withdrawal Strategy For High Earners: Complete 2026 Guide",retirement,informational,P2,39,low,medium,pending
87,"retirement-withdrawal-strategy-for-small-business-owners","retirement withdrawal strategy for small business owners","Retirement Withdrawal Strategy For Small Business Owners: Complete 2026 Guide",retirement,informational,P2,39,low,medium,pending
88,"retirement-withdrawal-strategy-checklist","retirement withdrawal strategy checklist","Retirement Withdrawal Strategy Checklist: Practical Guide + Examples",retirement,informational,P2,39,medium,medium,pending
89,"retirement-withdrawal-strategy-template","retirement withdrawal strategy template","Retirement Withdrawal Strategy Template: Practical Guide + Examples",retirement,commercial,P2,39,medium,medium,pending
90,"reasonable-salary-calculator-for-s-corp","reasonable salary calculator for s corp","Reasonable Salary Calculator For S Corp: Practical Guide + Examples",business_structures,commercial,P2,39,low,medium,pending
91,"tax-deduction-car-loan-interest","tax deduction car loan interest","Tax Deduction Car Loan Interest: Complete 2026 Guide",tax_strategies,informational,P2,37,medium,medium,pending
92,"best-tax-deductions-2025","best tax deductions 2025","Best Tax Deductions 2025: Complete 2026 Guide",tax_strategies,commercial,P2,37,medium,medium,pending
93,"how-tax-deductions-work","how tax deductions work","How Tax Deductions Work: Complete 2026 Guide",tax_strategies,informational,P2,37,medium,medium,pending
94,"how-tax-deduction-calculated","how tax deduction calculated","How Tax Deduction Calculated: Complete 2026 Guide",tax_strategies,informational,P2,37,medium,medium,pending
95,"how-tax-deductions-are-compared-to-tax-exemptions","how tax deductions are compared to tax exemptions","How Tax Deductions Are Compared To Tax Exemptions: Complete 2026 Guide",tax_strategies,informational,P2,37,low,medium,pending
96,"tax-planning-vs-retirement-contributions","tax planning vs retirement contributions","Tax Planning vs Retirement Contributions: Which Strategy Works Better in 2026?",tax_strategies,comparison,P2,37,medium,medium,pending
97,"qbi-deduction-vs-retirement-contributions","qbi deduction vs retirement contributions","Qbi Deduction vs Retirement Contributions: Which Strategy Works Better in 2026?",tax_strategies,comparison,P2,37,medium,medium,pending
98,"qbi-deduction-tax-implications","qbi deduction tax implications","Qbi Deduction Tax Implications: Complete 2026 Guide",tax_strategies,informational,P2,37,medium,medium,pending
99,"estate-tax-planning-vs-retirement-contributions","estate tax planning vs retirement contributions","Estate Tax Planning vs Retirement Contributions: Which Strategy Works Better in 2026?",tax_strategies,comparison,P2,37,low,medium,pending
100,"capital-gains-tax-vs-retirement-contributions","capital gains tax vs retirement contributions","Capital Gains Tax vs Retirement Contributions: Which Strategy Works Better in 2026?",tax_strategies,comparison,P2,37,low,medium,pending
101,"retirement-income-plan-vs-taxable-brokerage","retirement income plan vs taxable brokerage","Retirement Income Plan vs Taxable Brokerage: Which Strategy Works Better in 2026?",retirement,comparison,P2,37,low,medium,pending
102,"better-llc-or-s-corp","better llc or s corp","Better Llc Or S Corp: Complete 2026 Guide",business_structures,informational,P2,37,medium,medium,pending
103,"what-is-best-llc-or-s-corp","what is best llc or s corp","What Is Best Llc Or S Corp: Complete 2026 Guide",business_structures,commercial,P2,37,low,medium,pending
104,"what-s-better-llc-or-s-corp","what s better llc or s corp","What S Better Llc Or S Corp: Complete 2026 Guide",business_structures,informational,P2,37,low,medium,pending
105,"is-an-s-corp-better-than-an-llc","is an s corp better than an llc","Is An S Corp Better Than An Llc: Complete 2026 Guide",business_structures,informational,P2,37,low,medium,pending
106,"how-are-series-llc-taxed","how are series llc taxed","How Are Series Llc Taxed: Complete 2026 Guide",business_structures,informational,P2,37,medium,medium,pending
107,"s-corp-election-tax-implications","s corp election tax implications","S Corp Election Tax Implications: Complete 2026 Guide",business_structures,informational,P2,37,medium,medium,pending
108,"series-llc-tax-implications","series llc tax implications","Series Llc Tax Implications: Complete 2026 Guide",business_structures,informational,P2,37,medium,medium,pending
109,"multi-state-llc-tax-implications","multi state llc tax implications","Multi State Llc Tax Implications: Complete 2026 Guide",business_structures,informational,P2,37,medium,medium,pending
110,"retirement-withdrawal-strategy-2026","retirement withdrawal strategy 2026","Retirement Withdrawal Strategy 2026: Complete 2026 Guide",retirement,informational,P2,35,medium,medium,pending
111,"debt-avalanche-payoff-calculator","debt avalanche payoff calculator","Debt Avalanche Payoff Calculator: Practical Guide + Examples",debt_management,commercial,P2,34,medium,medium,pending
112,"student-loan-payoff-vs-cash-flow-budgeting","student loan payoff vs cash flow budgeting","Student Loan Payoff vs Cash Flow Budgeting: Which Strategy Works Better in 2026?",debt_management,comparison,P2,34,low,medium,pending
113,"student-loan-payoff-tax-implications","student loan payoff tax implications","Student Loan Payoff Tax Implications: Complete 2026 Guide",debt_management,informational,P2,34,medium,medium,pending
114,"tax-strategy-365-reviews","tax strategy 365 reviews","Tax Strategy 365 Reviews: Complete 2026 Guide",tax_strategies,informational,P2,32,medium,medium,pending
115,"best-tax-strategy-books","best tax strategy books","Best Tax Strategy Books: Complete 2026 Guide",tax_strategies,commercial,P2,32,medium,medium,pending
116,"tax-planning-for-beginners","tax planning for beginners","Tax Planning For Beginners: Complete 2026 Guide",tax_strategies,informational,P2,32,medium,medium,pending
117,"tax-strategies-for-beginners","tax strategies for beginners","Tax Strategies For Beginners: Complete 2026 Guide",tax_strategies,informational,P2,32,medium,medium,pending
118,"tax-planning-for-dummies","tax planning for dummies","Tax Planning For Dummies: Complete 2026 Guide",tax_strategies,informational,P2,32,medium,medium,pending
119,"how-to-do-tax-planning-for-individual","how to do tax planning for individual","How To Do Tax Planning For Individual: Complete 2026 Guide",tax_strategies,informational,P2,32,low,medium,pending
120,"best-tax-planning-software-for-individuals","best tax planning software for individuals","Best Tax Planning Software For Individuals: Complete 2026 Guide",tax_strategies,commercial,P2,32,low,medium,pending
121,"best-tax-planning-software-for-retirees","best tax planning software for retirees","Best Tax Planning Software For Retirees: Complete 2026 Guide",tax_strategies,commercial,P2,32,low,medium,pending
122,"best-tax-planning-software-for-financial-advisors","best tax planning software for financial advisors","Best Tax Planning Software For Financial Advisors: Complete 2026 Guide",tax_strategies,commercial,P2,32,low,medium,pending
123,"best-tax-planning-software-for-accountants","best tax planning software for accountants","Best Tax Planning Software For Accountants: Complete 2026 Guide",tax_strategies,commercial,P2,32,low,medium,pending
124,"best-tax-planning-software-for-cpas","best tax planning software for cpas","Best Tax Planning Software For Cpas: Complete 2026 Guide",tax_strategies,commercial,P2,32,low,medium,pending
125,"best-tax-planning-software-for-roth-conversions","best tax planning software for roth conversions","Best Tax Planning Software For Roth Conversions: Complete 2026 Guide",tax_strategies,commercial,P2,32,low,medium,pending
126,"roth-conversion-tax-calculator","roth conversion tax calculator","Roth Conversion Tax Calculator: Practical Guide + Examples",tax_strategies,commercial,P2,32,medium,medium,pending
127,"tax-planning-software-for-individuals","tax planning software for individuals","Tax Planning Software For Individuals: Complete 2026 Guide",tax_strategies,informational,P2,32,medium,medium,pending
128,"qbi-deduction-for-dummies","qbi deduction for dummies","Qbi Deduction For Dummies: Complete 2026 Guide",tax_strategies,informational,P2,32,medium,medium,pending
129,"what-activities-qualify-for-qbi-deduction","what activities qualify for qbi deduction","What Activities Qualify For Qbi Deduction: Complete 2026 Guide",tax_strategies,informational,P2,32,low,medium,pending
130,"do-i-qualify-for-qbi-deduction","do i qualify for qbi deduction","Do I Qualify For Qbi Deduction: Complete 2026 Guide",tax_strategies,informational,P2,32,low,medium,pending
131,"what-qualifies-for-qbi-deduction","what qualifies for qbi deduction","What Qualifies For Qbi Deduction: Complete 2026 Guide",tax_strategies,informational,P2,32,medium,medium,pending
132,"estate-tax-planning-for-non-us-citizens","estate tax planning for non us citizens","Estate Tax Planning For Non Us Citizens: Complete 2026 Guide",tax_strategies,informational,P2,32,low,medium,pending
133,"capital-gains-tax-calculator","capital gains tax calculator","Capital Gains Tax Calculator: Practical Guide + Examples",tax_strategies,commercial,P2,32,medium,medium,pending
134,"best-capital-gains-tax-calculator","best capital gains tax calculator","Best Capital Gains Tax Calculator: Practical Guide + Examples",tax_strategies,commercial,P2,32,medium,medium,pending
135,"tax-strategy-step-by-step","tax strategy step by step","Tax Strategy Step By Step: Complete 2026 Guide",tax_strategies,informational,P2,32,medium,medium,pending
136,"tax-strategy-mistakes-to-avoid","tax strategy mistakes to avoid","Tax Strategy Mistakes To Avoid: Complete 2026 Guide",tax_strategies,informational,P2,32,medium,medium,pending
137,"tax-strategy-tax-implications","tax strategy tax implications","Tax Strategy Tax Implications: Complete 2026 Guide",tax_strategies,informational,P2,32,medium,medium,pending
138,"tax-strategy-best-strategy","tax strategy best strategy","Tax Strategy Best Strategy: Complete 2026 Guide",tax_strategies,commercial,P2,32,medium,medium,pending
139,"tax-strategy-case-study","tax strategy case study","Tax Strategy Case Study: Complete 2026 Guide",tax_strategies,informational,P2,32,medium,medium,pending
140,"tax-planning-for-high-earners","tax planning for high earners","Tax Planning For High Earners: Complete 2026 Guide",tax_strategies,informational,P2,32,medium,medium,pending
141,"tax-planning-for-small-business-owners","tax planning for small business owners","Tax Planning For Small Business Owners: Complete 2026 Guide",tax_strategies,informational,P2,32,low,medium,pending
142,"tax-planning-for-real-estate-investors","tax planning for real estate investors","Tax Planning For Real Estate Investors: Complete 2026 Guide",tax_strategies,informational,P2,32,low,medium,pending
143,"tax-planning-for-self-employed-professionals","tax planning for self employed professionals","Tax Planning For Self Employed Professionals: Complete 2026 Guide",tax_strategies,informational,P2,32,low,medium,pending
144,"tax-planning-for-physicians","tax planning for physicians","Tax Planning For Physicians: Complete 2026 Guide",tax_strategies,informational,P2,32,medium,medium,pending
145,"tax-planning-for-consultants","tax planning for consultants","Tax Planning For Consultants: Complete 2026 Guide",tax_strategies,informational,P2,32,medium,medium,pending
146,"tax-planning-vs-entity-restructuring","tax planning vs entity restructuring","Tax Planning vs Entity Restructuring: Which Strategy Works Better in 2026?",tax_strategies,comparison,P2,32,medium,medium,pending
147,"tax-planning-vs-charitable-planning","tax planning vs charitable planning","Tax Planning vs Charitable Planning: Which Strategy Works Better in 2026?",tax_strategies,comparison,P2,32,medium,medium,pending
148,"tax-planning-best-strategy","tax planning best strategy","Tax Planning Best Strategy: Complete 2026 Guide",tax_strategies,commercial,P2,32,medium,medium,pending
149,"roth-conversion-vs-standard-deduction","roth conversion vs standard deduction","Roth Conversion vs Standard Deduction: Which Strategy Works Better in 2026?",tax_strategies,comparison,P2,32,medium,medium,pending
150,"roth-conversion-vs-itemized-deductions","roth conversion vs itemized deductions","Roth Conversion vs Itemized Deductions: Which Strategy Works Better in 2026?",tax_strategies,comparison,P2,32,medium,medium,pending
151,"qbi-deduction-for-high-earners","qbi deduction for high earners","Qbi Deduction For High Earners: Complete 2026 Guide",tax_strategies,informational,P2,32,medium,medium,pending
152,"qbi-deduction-for-small-business-owners","qbi deduction for small business owners","Qbi Deduction For Small Business Owners: Complete 2026 Guide",tax_strategies,informational,P2,32,low,medium,pending
153,"qbi-deduction-for-real-estate-investors","qbi deduction for real estate investors","Qbi Deduction For Real Estate Investors: Complete 2026 Guide",tax_strategies,informational,P2,32,low,medium,pending
154,"qbi-deduction-for-self-employed-professionals","qbi deduction for self employed professionals","Qbi Deduction For Self Employed Professionals: Complete 2026 Guide",tax_strategies,informational,P2,32,low,medium,pending
155,"qbi-deduction-for-physicians","qbi deduction for physicians","Qbi Deduction For Physicians: Complete 2026 Guide",tax_strategies,informational,P2,32,medium,medium,pending
156,"qbi-deduction-for-consultants","qbi deduction for consultants","Qbi Deduction For Consultants: Complete 2026 Guide",tax_strategies,informational,P2,32,medium,medium,pending
157,"qbi-deduction-vs-standard-deduction","qbi deduction vs standard deduction","Qbi Deduction vs Standard Deduction: Which Strategy Works Better in 2026?",tax_strategies,comparison,P2,32,medium,medium,pending
158,"qbi-deduction-vs-itemized-deductions","qbi deduction vs itemized deductions","Qbi Deduction vs Itemized Deductions: Which Strategy Works Better in 2026?",tax_strategies,comparison,P2,32,medium,medium,pending
159,"qbi-deduction-vs-entity-restructuring","qbi deduction vs entity restructuring","Qbi Deduction vs Entity Restructuring: Which Strategy Works Better in 2026?",tax_strategies,comparison,P2,32,medium,medium,pending
160,"qbi-deduction-vs-charitable-planning","qbi deduction vs charitable planning","Qbi Deduction vs Charitable Planning: Which Strategy Works Better in 2026?",tax_strategies,comparison,P2,32,medium,medium,pending
161,"qbi-deduction-for-beginners","qbi deduction for beginners","Qbi Deduction For Beginners: Complete 2026 Guide",tax_strategies,informational,P2,32,medium,medium,pending
162,"qbi-deduction-best-strategy","qbi deduction best strategy","Qbi Deduction Best Strategy: Complete 2026 Guide",tax_strategies,commercial,P2,32,medium,medium,pending
163,"cost-segregation-vs-standard-deduction","cost segregation vs standard deduction","Cost Segregation vs Standard Deduction: Which Strategy Works Better in 2026?",tax_strategies,comparison,P2,32,medium,medium,pending
164,"cost-segregation-vs-itemized-deductions","cost segregation vs itemized deductions","Cost Segregation vs Itemized Deductions: Which Strategy Works Better in 2026?",tax_strategies,comparison,P2,32,medium,medium,pending
165,"1031-exchange-vs-standard-deduction","1031 exchange vs standard deduction","1031 Exchange vs Standard Deduction: Which Strategy Works Better in 2026?",tax_strategies,comparison,P2,32,medium,medium,pending
166,"1031-exchange-vs-itemized-deductions","1031 exchange vs itemized deductions","1031 Exchange vs Itemized Deductions: Which Strategy Works Better in 2026?",tax_strategies,comparison,P2,32,medium,medium,pending
167,"hsa-strategy-vs-retirement-contributions","hsa strategy vs retirement contributions","Hsa Strategy vs Retirement Contributions: Which Strategy Works Better in 2026?",tax_strategies,comparison,P2,32,medium,medium,pending
168,"hsa-strategy-tax-implications","hsa strategy tax implications","Hsa Strategy Tax Implications: Complete 2026 Guide",tax_strategies,informational,P2,32,medium,medium,pending
169,"estate-tax-planning-for-high-earners","estate tax planning for high earners","Estate Tax Planning For High Earners: Complete 2026 Guide",tax_strategies,informational,P2,32,low,medium,pending
170,"estate-tax-planning-for-small-business-owners","estate tax planning for small business owners","Estate Tax Planning For Small Business Owners: Complete 2026 Guide",tax_strategies,informational,P2,32,low,medium,pending
171,"estate-tax-planning-for-real-estate-investors","estate tax planning for real estate investors","Estate Tax Planning For Real Estate Investors: Complete 2026 Guide",tax_strategies,informational,P2,32,low,medium,pending
172,"estate-tax-planning-for-self-employed-professionals","estate tax planning for self employed professionals","Estate Tax Planning For Self Employed Professionals: Complete 2026 Guide",tax_strategies,informational,P2,32,low,medium,pending
173,"estate-tax-planning-for-physicians","estate tax planning for physicians","Estate Tax Planning For Physicians: Complete 2026 Guide",tax_strategies,informational,P2,32,medium,medium,pending
174,"estate-tax-planning-for-consultants","estate tax planning for consultants","Estate Tax Planning For Consultants: Complete 2026 Guide",tax_strategies,informational,P2,32,medium,medium,pending
175,"estate-tax-planning-vs-entity-restructuring","estate tax planning vs entity restructuring","Estate Tax Planning vs Entity Restructuring: Which Strategy Works Better in 2026?",tax_strategies,comparison,P2,32,low,medium,pending
176,"estate-tax-planning-for-beginners","estate tax planning for beginners","Estate Tax Planning For Beginners: Complete 2026 Guide",tax_strategies,informational,P2,32,medium,medium,pending
177,"estate-tax-planning-checklist","estate tax planning checklist","Estate Tax Planning Checklist: Practical Guide + Examples",tax_strategies,informational,P2,32,medium,medium,pending
178,"estate-tax-planning-calculator","estate tax planning calculator","Estate Tax Planning Calculator: Practical Guide + Examples",tax_strategies,commercial,P2,32,medium,medium,pending
179,"estate-tax-planning-template","estate tax planning template","Estate Tax Planning Template: Practical Guide + Examples",tax_strategies,commercial,P2,32,medium,medium,pending
180,"estate-tax-planning-best-strategy","estate tax planning best strategy","Estate Tax Planning Best Strategy: Complete 2026 Guide",tax_strategies,commercial,P2,32,medium,medium,pending
181,"capital-gains-tax-for-high-earners","capital gains tax for high earners","Capital Gains Tax For High Earners: Complete 2026 Guide",tax_strategies,informational,P2,32,low,medium,pending
182,"capital-gains-tax-for-small-business-owners","capital gains tax for small business owners","Capital Gains Tax For Small Business Owners: Complete 2026 Guide",tax_strategies,informational,P2,32,low,medium,pending
183,"capital-gains-tax-for-real-estate-investors","capital gains tax for real estate investors","Capital Gains Tax For Real Estate Investors: Complete 2026 Guide",tax_strategies,informational,P2,32,low,medium,pending
184,"capital-gains-tax-for-self-employed-professionals","capital gains tax for self employed professionals","Capital Gains Tax For Self Employed Professionals: Complete 2026 Guide",tax_strategies,informational,P2,32,low,medium,pending
185,"capital-gains-tax-for-physicians","capital gains tax for physicians","Capital Gains Tax For Physicians: Complete 2026 Guide",tax_strategies,informational,P2,32,medium,medium,pending
186,"capital-gains-tax-for-consultants","capital gains tax for consultants","Capital Gains Tax For Consultants: Complete 2026 Guide",tax_strategies,informational,P2,32,medium,medium,pending
187,"capital-gains-tax-vs-entity-restructuring","capital gains tax vs entity restructuring","Capital Gains Tax vs Entity Restructuring: Which Strategy Works Better in 2026?",tax_strategies,comparison,P2,32,low,medium,pending
188,"capital-gains-tax-for-beginners","capital gains tax for beginners","Capital Gains Tax For Beginners: Complete 2026 Guide",tax_strategies,informational,P2,32,medium,medium,pending
189,"capital-gains-tax-checklist","capital gains tax checklist","Capital Gains Tax Checklist: Practical Guide + Examples",tax_strategies,informational,P2,32,medium,medium,pending
190,"capital-gains-tax-template","capital gains tax template","Capital Gains Tax Template: Practical Guide + Examples",tax_strategies,commercial,P2,32,medium,medium,pending
191,"capital-gains-tax-best-strategy","capital gains tax best strategy","Capital Gains Tax Best Strategy: Complete 2026 Guide",tax_strategies,commercial,P2,32,medium,medium,pending
192,"retirement-withdrawal-strategy-software","retirement withdrawal strategy software","Retirement Withdrawal Strategy Software: Complete 2026 Guide",retirement,informational,P2,32,medium,medium,pending
193,"retirement-withdrawal-strategy-spreadsheet","retirement withdrawal strategy spreadsheet","Retirement Withdrawal Strategy Spreadsheet: Complete 2026 Guide",retirement,informational,P2,32,medium,medium,pending
194,"retirement-withdrawal-strategy-guardrails","retirement withdrawal strategy guardrails","Retirement Withdrawal Strategy Guardrails: Complete 2026 Guide",retirement,informational,P2,32,medium,medium,pending
195,"best-retirement-withdrawal-strategy","best retirement withdrawal strategy","Best Retirement Withdrawal Strategy: Complete 2026 Guide",retirement,commercial,P2,32,medium,medium,pending
196,"401k-strategy-vs-delayed-retirement","401k strategy vs delayed retirement","401k Strategy vs Delayed Retirement: Which Strategy Works Better in 2026?",retirement,comparison,P2,32,medium,medium,pending
197,"401k-strategy-tax-implications","401k strategy tax implications","401k Strategy Tax Implications: Complete 2026 Guide",retirement,informational,P2,32,medium,medium,pending
198,"ira-strategy-vs-delayed-retirement","ira strategy vs delayed retirement","Ira Strategy vs Delayed Retirement: Which Strategy Works Better in 2026?",retirement,comparison,P2,32,medium,medium,pending
199,"ira-strategy-tax-implications","ira strategy tax implications","Ira Strategy Tax Implications: Complete 2026 Guide",retirement,informational,P2,32,medium,medium,pending
200,"roth-ira-vs-taxable-brokerage","roth ira vs taxable brokerage","Roth Ira vs Taxable Brokerage: Which Strategy Works Better in 2026?",retirement,comparison,P2,32,medium,medium,pending
201,"backdoor-roth-vs-taxable-brokerage","backdoor roth vs taxable brokerage","Backdoor Roth vs Taxable Brokerage: Which Strategy Works Better in 2026?",retirement,comparison,P2,32,medium,medium,pending
202,"required-minimum-distributions-vs-taxable-brokerage","required minimum distributions vs taxable brokerage","Required Minimum Distributions vs Taxable Brokerage: Which Strategy Works Better in 2026?",retirement,comparison,P2,32,low,medium,pending
203,"social-security-claiming-vs-taxable-brokerage","social security claiming vs taxable brokerage","Social Security Claiming vs Taxable Brokerage: Which Strategy Works Better in 2026?",retirement,comparison,P2,32,low,medium,pending
204,"sequence-of-returns-risk-vs-taxable-brokerage","sequence of returns risk vs taxable brokerage","Sequence Of Returns Risk vs Taxable Brokerage: Which Strategy Works Better in 2026?",retirement,comparison,P2,32,low,medium,pending
205,"retirement-income-plan-vs-cash-bucket-strategy","retirement income plan vs cash bucket strategy","Retirement Income Plan vs Cash Bucket Strategy: Which Strategy Works Better in 2026?",retirement,comparison,P2,32,low,medium,pending
206,"annuities-vs-bonds-vs-taxable-brokerage","annuities vs bonds vs taxable brokerage","Annuities vs Bonds: Which Strategy Works Better in 2026?",retirement,comparison,P2,32,low,medium,pending
207,"annuities-vs-bonds-tax-implications","annuities vs bonds tax implications","Annuities vs Bonds Tax Implications: Which Strategy Works Better in 2026?",retirement,comparison,P2,32,medium,medium,pending
208,"reasonable-salary-for-s-corp","reasonable salary for s corp","Reasonable Salary For S Corp: Complete 2026 Guide",business_structures,informational,P2,32,medium,medium,pending
209,"reasonable-salary-for-s-corp-owner","reasonable salary for s corp owner","Reasonable Salary For S Corp Owner: Complete 2026 Guide",business_structures,informational,P2,32,low,medium,pending
210,"how-to-determine-reasonable-salary-for-s-corp","how to determine reasonable salary for s corp","How To Determine Reasonable Salary For S Corp: Complete 2026 Guide",business_structures,informational,P2,32,low,medium,pending
211,"how-to-calculate-reasonable-salary-for-s-corp","how to calculate reasonable salary for s corp","How To Calculate Reasonable Salary For S Corp: Complete 2026 Guide",business_structures,informational,P2,32,low,medium,pending
212,"how-much-is-reasonable-salary-for-s-corp","how much is reasonable salary for s corp","How Much Is Reasonable Salary For S Corp: Complete 2026 Guide",business_structures,informational,P2,32,low,medium,pending
213,"series-llc-vs-llc","series llc vs llc","Series Llc vs Llc: Which Strategy Works Better in 2026?",business_structures,comparison,P2,32,medium,medium,pending
214,"series-llc-vs-holding-company","series llc vs holding company","Series Llc vs Holding Company: Which Strategy Works Better in 2026?",business_structures,comparison,P2,32,medium,medium,pending
215,"how-to-get-operating-agreement-for-llc","how to get operating agreement for llc","How To Get Operating Agreement For Llc: Complete 2026 Guide",business_structures,informational,P2,32,low,medium,pending
216,"how-to-create-operating-agreement-for-llc","how to create operating agreement for llc","How To Create Operating Agreement For Llc: Complete 2026 Guide",business_structures,informational,P2,32,low,medium,pending
217,"how-to-find-operating-agreement-for-llc","how to find operating agreement for llc","How To Find Operating Agreement For Llc: Complete 2026 Guide",business_structures,informational,P2,32,low,medium,pending
218,"how-to-write-operating-agreement-for-llc","how to write operating agreement for llc","How To Write Operating Agreement For Llc: Complete 2026 Guide",business_structures,informational,P2,32,low,medium,pending
219,"best-state-for-series-llc","best state for series llc","Best State For Series Llc: Complete 2026 Guide",business_structures,commercial,P2,32,medium,medium,pending
220,"best-bank-for-series-llc","best bank for series llc","Best Bank For Series Llc: Complete 2026 Guide",business_structures,commercial,P2,32,medium,medium,pending
221,"series-llc-vs-standard-llc","series llc vs standard llc","Series Llc vs Standard Llc: Which Strategy Works Better in 2026?",business_structures,comparison,P2,32,medium,medium,pending
222,"operating-agreement-llc-template","operating agreement llc template","Operating Agreement Llc Template: Practical Guide + Examples",business_structures,commercial,P2,32,medium,medium,pending
223,"operating-agreement-for-single-member-llc","operating agreement for single member llc","Operating Agreement For Single Member Llc: Complete 2026 Guide",business_structures,informational,P2,32,low,medium,pending
224,"operating-agreement-llc-texas-template","operating agreement llc texas template","Operating Agreement Llc Texas Template: Practical Guide + Examples",business_structures,commercial,P2,32,medium,medium,pending
225,"best-llc-operating-agreement-template","best llc operating agreement template","Best Llc Operating Agreement Template: Practical Guide + Examples",business_structures,commercial,P2,32,medium,medium,pending
226,"registered-agent-for-llc-in-texas","registered agent for llc in texas","Registered Agent For Llc In Texas: Complete 2026 Guide",business_structures,informational,P2,32,low,medium,pending
227,"best-registered-agent-for-llc","best registered agent for llc","Best Registered Agent For Llc: Complete 2026 Guide",business_structures,commercial,P2,32,medium,medium,pending
228,"best-registered-agent-service-for-llc","best registered agent service for llc","Best Registered Agent Service For Llc: Complete 2026 Guide",business_structures,commercial,P2,32,low,medium,pending
229,"registered-agent-for-llc","registered agent for llc","Registered Agent For Llc: Complete 2026 Guide",business_structures,informational,P2,32,medium,medium,pending
230,"how-to-change-registered-agent-for-llc","how to change registered agent for llc","How To Change Registered Agent For Llc: Complete 2026 Guide",business_structures,informational,P2,32,low,medium,pending
231,"how-to-find-registered-agent-for-llc","how to find registered agent for llc","How To Find Registered Agent For Llc: Complete 2026 Guide",business_structures,informational,P2,32,low,medium,pending
232,"s-corp-election-for-freelancers","s corp election for freelancers","S Corp Election For Freelancers: Complete 2026 Guide",business_structures,informational,P2,32,medium,medium,pending
233,"s-corp-election-for-agency-owners","s corp election for agency owners","S Corp Election For Agency Owners: Complete 2026 Guide",business_structures,informational,P2,32,low,medium,pending
234,"s-corp-election-for-ecommerce-founders","s corp election for ecommerce founders","S Corp Election For Ecommerce Founders: Complete 2026 Guide",business_structures,informational,P2,32,low,medium,pending
235,"s-corp-election-for-real-estate-operators","s corp election for real estate operators","S Corp Election For Real Estate Operators: Complete 2026 Guide",business_structures,informational,P2,32,low,medium,pending
236,"s-corp-election-for-service-businesses","s corp election for service businesses","S Corp Election For Service Businesses: Complete 2026 Guide",business_structures,informational,P2,32,low,medium,pending
237,"s-corp-election-for-consultants","s corp election for consultants","S Corp Election For Consultants: Complete 2026 Guide",business_structures,informational,P2,32,medium,medium,pending
238,"s-corp-election-vs-sole-proprietorship","s corp election vs sole proprietorship","S Corp Election vs Sole Proprietorship: Which Strategy Works Better in 2026?",business_structures,comparison,P2,32,low,medium,pending
239,"s-corp-election-vs-partnership","s corp election vs partnership","S Corp Election vs Partnership: Which Strategy Works Better in 2026?",business_structures,comparison,P2,32,medium,medium,pending
240,"s-corp-election-vs-c-corp","s corp election vs c corp","S Corp Election vs C Corp: Which Strategy Works Better in 2026?",business_structures,comparison,P2,32,low,medium,pending
241,"s-corp-election-for-beginners","s corp election for beginners","S Corp Election For Beginners: Complete 2026 Guide",business_structures,informational,P2,32,medium,medium,pending
242,"s-corp-election-for-high-earners","s corp election for high earners","S Corp Election For High Earners: Complete 2026 Guide",business_structures,informational,P2,32,low,medium,pending
243,"s-corp-election-for-small-business-owners","s corp election for small business owners","S Corp Election For Small Business Owners: Complete 2026 Guide",business_structures,informational,P2,32,low,medium,pending
244,"s-corp-election-checklist","s corp election checklist","S Corp Election Checklist: Practical Guide + Examples",business_structures,informational,P2,32,medium,medium,pending
245,"s-corp-election-calculator","s corp election calculator","S Corp Election Calculator: Practical Guide + Examples",business_structures,commercial,P2,32,medium,medium,pending
246,"s-corp-election-template","s corp election template","S Corp Election Template: Practical Guide + Examples",business_structures,commercial,P2,32,medium,medium,pending
247,"s-corp-election-best-strategy","s corp election best strategy","S Corp Election Best Strategy: Complete 2026 Guide",business_structures,commercial,P2,32,medium,medium,pending
248,"reasonable-salary-vs-professional-llc","reasonable salary vs professional llc","Reasonable Salary vs Professional Llc: Which Strategy Works Better in 2026?",business_structures,comparison,P2,32,medium,medium,pending
249,"holding-company-vs-professional-llc","holding company vs professional llc","Holding Company vs Professional Llc: Which Strategy Works Better in 2026?",business_structures,comparison,P2,32,medium,medium,pending
250,"series-llc-for-freelancers","series llc for freelancers","Series Llc For Freelancers: Complete 2026 Guide",business_structures,informational,P2,32,medium,medium,pending
251,"series-llc-for-agency-owners","series llc for agency owners","Series Llc For Agency Owners: Complete 2026 Guide",business_structures,informational,P2,32,medium,medium,pending
252,"series-llc-for-ecommerce-founders","series llc for ecommerce founders","Series Llc For Ecommerce Founders: Complete 2026 Guide",business_structures,informational,P2,32,medium,medium,pending
253,"series-llc-for-real-estate-operators","series llc for real estate operators","Series Llc For Real Estate Operators: Complete 2026 Guide",business_structures,informational,P2,32,low,medium,pending
254,"series-llc-for-service-businesses","series llc for service businesses","Series Llc For Service Businesses: Complete 2026 Guide",business_structures,informational,P2,32,medium,medium,pending
255,"series-llc-for-consultants","series llc for consultants","Series Llc For Consultants: Complete 2026 Guide",business_structures,informational,P2,32,medium,medium,pending
256,"series-llc-vs-sole-proprietorship","series llc vs sole proprietorship","Series Llc vs Sole Proprietorship: Which Strategy Works Better in 2026?",business_structures,comparison,P2,32,medium,medium,pending
257,"series-llc-vs-partnership","series llc vs partnership","Series Llc vs Partnership: Which Strategy Works Better in 2026?",business_structures,comparison,P2,32,medium,medium,pending
258,"series-llc-vs-c-corp","series llc vs c corp","Series Llc vs C Corp: Which Strategy Works Better in 2026?",business_structures,comparison,P2,32,medium,medium,pending
259,"series-llc-vs-professional-llc","series llc vs professional llc","Series Llc vs Professional Llc: Which Strategy Works Better in 2026?",business_structures,comparison,P2,32,medium,medium,pending
260,"series-llc-vs-trust-structure","series llc vs trust structure","Series Llc vs Trust Structure: Which Strategy Works Better in 2026?",business_structures,comparison,P2,32,medium,medium,pending
261,"series-llc-for-beginners","series llc for beginners","Series Llc For Beginners: Complete 2026 Guide",business_structures,informational,P2,32,medium,medium,pending
262,"series-llc-for-high-earners","series llc for high earners","Series Llc For High Earners: Complete 2026 Guide",business_structures,informational,P2,32,medium,medium,pending
263,"series-llc-for-small-business-owners","series llc for small business owners","Series Llc For Small Business Owners: Complete 2026 Guide",business_structures,informational,P2,32,low,medium,pending
264,"series-llc-best-strategy","series llc best strategy","Series Llc Best Strategy: Complete 2026 Guide",business_structures,commercial,P2,32,medium,medium,pending
265,"operating-agreement-vs-professional-llc","operating agreement vs professional llc","Operating Agreement vs Professional Llc: Which Strategy Works Better in 2026?",business_structures,comparison,P2,32,medium,medium,pending
266,"registered-agent-vs-professional-llc","registered agent vs professional llc","Registered Agent vs Professional Llc: Which Strategy Works Better in 2026?",business_structures,comparison,P2,32,medium,medium,pending
267,"business-succession-planning-vs-professional-llc","business succession planning vs professional llc","Business Succession Planning vs Professional Llc: Which Strategy Works Better in 2026?",business_structures,comparison,P2,32,low,medium,pending
268,"corporate-veil-vs-professional-llc","corporate veil vs professional llc","Corporate Veil vs Professional Llc: Which Strategy Works Better in 2026?",business_structures,comparison,P2,32,medium,medium,pending
269,"multi-state-llc-for-freelancers","multi state llc for freelancers","Multi State Llc For Freelancers: Complete 2026 Guide",business_structures,informational,P2,32,medium,medium,pending
270,"multi-state-llc-for-agency-owners","multi state llc for agency owners","Multi State Llc For Agency Owners: Complete 2026 Guide",business_structures,informational,P2,32,low,medium,pending
271,"multi-state-llc-for-ecommerce-founders","multi state llc for ecommerce founders","Multi State Llc For Ecommerce Founders: Complete 2026 Guide",business_structures,informational,P2,32,low,medium,pending
272,"multi-state-llc-for-real-estate-operators","multi state llc for real estate operators","Multi State Llc For Real Estate Operators: Complete 2026 Guide",business_structures,informational,P2,32,low,medium,pending
273,"multi-state-llc-for-service-businesses","multi state llc for service businesses","Multi State Llc For Service Businesses: Complete 2026 Guide",business_structures,informational,P2,32,low,medium,pending
274,"multi-state-llc-for-consultants","multi state llc for consultants","Multi State Llc For Consultants: Complete 2026 Guide",business_structures,informational,P2,32,medium,medium,pending
275,"multi-state-llc-vs-sole-proprietorship","multi state llc vs sole proprietorship","Multi State Llc vs Sole Proprietorship: Which Strategy Works Better in 2026?",business_structures,comparison,P2,32,low,medium,pending
276,"multi-state-llc-vs-partnership","multi state llc vs partnership","Multi State Llc vs Partnership: Which Strategy Works Better in 2026?",business_structures,comparison,P2,32,medium,medium,pending
277,"multi-state-llc-vs-c-corp","multi state llc vs c corp","Multi State Llc vs C Corp: Which Strategy Works Better in 2026?",business_structures,comparison,P2,32,low,medium,pending
278,"multi-state-llc-vs-professional-llc","multi state llc vs professional llc","Multi State Llc vs Professional Llc: Which Strategy Works Better in 2026?",business_structures,comparison,P2,32,low,medium,pending
279,"multi-state-llc-for-beginners","multi state llc for beginners","Multi State Llc For Beginners: Complete 2026 Guide",business_structures,informational,P2,32,medium,medium,pending
280,"multi-state-llc-for-high-earners","multi state llc for high earners","Multi State Llc For High Earners: Complete 2026 Guide",business_structures,informational,P2,32,low,medium,pending
281,"multi-state-llc-for-small-business-owners","multi state llc for small business owners","Multi State Llc For Small Business Owners: Complete 2026 Guide",business_structures,informational,P2,32,low,medium,pending
282,"multi-state-llc-checklist","multi state llc checklist","Multi State Llc Checklist: Practical Guide + Examples",business_structures,informational,P2,32,medium,medium,pending
283,"multi-state-llc-calculator","multi state llc calculator","Multi State Llc Calculator: Practical Guide + Examples",business_structures,commercial,P2,32,medium,medium,pending
284,"multi-state-llc-template","multi state llc template","Multi State Llc Template: Practical Guide + Examples",business_structures,commercial,P2,32,medium,medium,pending
285,"multi-state-llc-best-strategy","multi state llc best strategy","Multi State Llc Best Strategy: Complete 2026 Guide",business_structures,commercial,P2,32,medium,medium,pending
286,"tax-planning-to-and-through-early-retirement","tax planning to and through early retirement","Tax Planning To And Through Early Retirement: Complete 2026 Guide",tax_strategies,informational,P2,30,low,medium,pending
287,"retirement-income-planning-llc","retirement income planning llc","Retirement Income Planning Llc: Complete 2026 Guide",retirement,informational,P2,30,medium,medium,pending
288,"retirement-income-plan-tax-implications","retirement income plan tax implications","Retirement Income Plan Tax Implications: Complete 2026 Guide",retirement,informational,P2,30,medium,medium,pending
