file	internal_links	external_links	tax_link_count	related_blog_link_count	has_related_section
blog/1031-exchange-vs-itemized-deductions.html	25	0	1	4	False
blog/1031-exchange-vs-standard-deduction.html	25	0	1	4	False
blog/13-income-streams-built-by-30.html	24	6	1	1	False
blog/2-deals-10000-month-profit.html	27	0	1	5	False
blog/2000-profit-full-time-it-guy.html	27	0	1	5	False
blog/212k-year-10-minutes-week.html	27	0	1	5	False
blog/2500-per-unit-13-properties.html	27	0	1	5	False
blog/4-percent-rule.html	23	0	1	3	False
blog/401k-rollover-guide.html	23	0	1	3	False
blog/401k-strategy-for-beginners.html	28	0	1	8	False
blog/401k-strategy-for-early-retirees.html	28	0	1	7	False
blog/401k-strategy-for-government-employees.html	25	0	1	5	False
blog/401k-strategy-for-high-earners.html	26	0	1	6	False
blog/401k-strategy-for-high-income-families.html	27	0	1	6	False
blog/401k-strategy-for-married-couples.html	29	0	1	7	False
blog/401k-strategy-for-pre-retirees.html	28	0	1	7	False
blog/401k-strategy-for-recession.html	28	0	1	7	False
blog/401k-strategy-for-self-employed.html	26	0	1	5	False
blog/401k-strategy-for-small-business-owners.html	26	0	1	6	False
blog/401k-strategy-tax-implications.html	29	0	1	8	False
blog/401k-strategy-vs-bond-ladders.html	26	0	1	5	False
blog/401k-strategy-vs-cash-bucket-strategy.html	26	0	1	6	False
blog/401k-strategy-vs-pension-options.html	27	0	1	5	False
blog/401k-strategy-vs-taxable-brokerage.html	29	0	1	7	True
blog/457b-plan-guide.html	23	0	1	3	False
blog/6000-cash-flow-no-experience.html	27	0	1	5	False
blog/7k-month-3-properties-full-time.html	29	0	1	7	False
blog/airbnb-arbitrage-84-days-9-steps-guide.html	26	0	1	4	False
blog/airbnb-arbitrage-dead-bridge-method-2025.html	25	0	1	3	False
blog/airbnb-arbitrage-tax-implications.html	27	0	1	6	False
blog/airbnb-automation-tax-implications.html	26	0	1	5	False
blog/airbnb-cash-flow-calculator.html	27	0	1	6	False
blog/airbnb-cash-flow-tax-implications.html	26	0	1	5	False
blog/airbnb-cash-flow-vs-notes-investing.html	26	0	1	5	False
blog/airbnb-landlord-pitch-tax-implications.html	26	0	1	6	False
blog/airbnb-occupancy-strategy-for-beginners.html	27	0	1	6	False
blog/airbnb-occupancy-strategy-for-full-time-employees.html	26	0	1	5	False
blog/airbnb-occupancy-strategy-for-hosts.html	27	0	1	5	False
blog/airbnb-occupancy-strategy-for-operators.html	27	0	1	6	False
blog/airbnb-occupancy-strategy-for-real-estate-investors.html	26	0	1	5	False
blog/airbnb-occupancy-strategy-tax-implications.html	26	0	1	6	False
blog/airbnb-pricing-strategy-for-beginners.html	28	0	1	7	False
blog/airbnb-pricing-strategy-for-full-time-employees.html	26	0	1	6	False
blog/airbnb-pricing-strategy-for-hosts.html	26	0	1	5	False
blog/airbnb-pricing-strategy-for-operators.html	27	0	1	6	False
blog/airbnb-pricing-strategy-for-real-estate-investors.html	28	0	1	7	False
blog/airbnb-pricing-strategy-for-side-hustlers.html	26	0	1	5	False
blog/airbnb-pricing-strategy-tax-implications.html	27	0	1	5	False
blog/airbnb-pricing-strategy-vs-direct-booking.html	26	0	1	5	False
blog/airbnb-pricing-strategy-vs-mid-term-rentals.html	26	0	1	5	False
blog/airbnb-startup-cost-tax-deductible.html	27	0	1	5	False
blog/airbnb-startup-costs-capital-breakdown.html	25	0	1	3	False
blog/airbnb-startup-costs-tax-implications.html	27	0	1	6	False
blog/airbnb-taxes-for-beginners.html	25	0	1	4	False
blog/airbnb-taxes-for-full-time-employees.html	27	0	1	5	False
blog/airbnb-taxes-for-guests.html	25	0	1	3	False
blog/airbnb-taxes-for-hosts.html	26	0	1	5	False
blog/airbnb-taxes-for-operators.html	28	0	1	7	False
blog/airbnb-taxes-for-real-estate-investors.html	26	0	1	5	False
blog/airbnb-taxes-for-side-hustlers.html	27	0	1	6	False
blog/airbnb-taxes-vs-co-hosting.html	27	0	1	6	False
blog/airbnb-taxes-vs-long-term-rentals.html	27	0	1	7	False
blog/airbnb-taxes-vs-property-management.html	26	0	1	5	False
blog/alternative-investments-guide.html	23	0	1	3	False
blog/andrew-2500-airbnb-mexico-remote.html	27	0	1	5	False
blog/annuities-vs-bonds-tax-implications.html	27	0	1	7	False
blog/annuities-vs-bonds-vs-taxable-brokerage.html	28	0	1	6	False
blog/annuity-vs-bond-calculator.html	29	0	1	7	False
blog/anonymous-llc.html	23	0	1	3	False
blog/asset-allocation-for-beginners.html	27	0	1	6	False
blog/asset-allocation-for-busy-professionals.html	29	0	1	8	False
blog/asset-allocation-for-dummies.html	28	0	1	7	False
blog/asset-allocation-for-entrepreneurs.html	28	0	1	7	False
blog/asset-allocation-for-high-earners.html	28	0	1	6	False
blog/asset-allocation-for-late-starters.html	27	0	1	6	False
blog/asset-allocation-for-parents.html	26	0	1	5	False
blog/asset-allocation-strategies.html	23	0	1	3	False
blog/asset-allocation-tax-implications.html	30	0	1	5	False
blog/atm-business-guide.html	23	0	1	3	False
blog/backyard-rv-3k-month-airbnb.html	27	0	1	5	False
blog/balance-transfer-strategy.html	23	0	1	3	False
blog/best-401k-strategy-for-2025.html	30	0	1	8	False
blog/best-asset-allocation-for-60-year-old.html	26	0	1	5	False
blog/best-asset-allocation-for-retirement.html	28	0	1	7	False
blog/best-asset-allocation-for-roth-ira.html	26	0	1	5	False
blog/best-asset-allocation-strategy.html	29	0	1	8	False
blog/best-bank-for-series-llc.html	26	0	1	5	False
blog/best-etf-or-mutual-fund-for-ai.html	28	0	1	7	False
blog/best-ira-withdrawal-strategy.html	29	0	1	8	False
blog/best-real-estate-model-beginners-2024.html	24	0	1	3	False
blog/best-registered-agent-for-llc.html	28	0	1	7	False
blog/best-registered-agent-service-for-llc.html	26	0	1	5	False
blog/best-roth-conversion-strategy-calculator.html	24	0	1	3	False
blog/best-side-hustles-no-money-full-time-job.html	23	0	1	1	False
blog/best-state-for-series-llc.html	26	0	1	5	False
blog/best-tax-deductions-2025.html	27	0	1	6	False
blog/best-tax-deductions-for-high-income-earners.html	34	0	1	7	False
blog/best-tax-deductions-for-individuals.html	34	0	1	7	False
blog/best-tax-deductions-for-self-employed.html	33	0	1	7	False
blog/best-tax-deductions-for-small-business.html	31	0	1	6	False
blog/best-tax-deductions-for-w2-employees.html	30	0	1	5	False
blog/best-tax-planning-books.html	30	0	1	8	False
blog/best-tax-planning-software-for-accountants.html	26	0	1	5	False
blog/best-tax-planning-software-for-cpas.html	26	0	1	5	False
blog/best-tax-planning-software-for-financial-advisors.html	25	0	1	4	False
blog/best-tax-planning-software-for-individuals.html	26	0	1	5	False
blog/best-tax-planning-software-for-retirees.html	27	0	1	5	False
blog/best-tax-planning-software-for-roth-conversions.html	27	0	1	6	False
blog/best-tax-planning-software.html	28	0	1	7	False
blog/best-tax-planning-strategies.html	27	0	1	6	False
blog/best-tax-strategy-books.html	28	0	1	7	False
blog/best-tax-strategy-for-401k-withdrawal.html	25	0	1	4	False
blog/best-tax-strategy-for-day-traders.html	32	0	1	7	False
blog/best-tax-strategy-for-inherited-ira.html	30	0	1	6	False
blog/best-tax-strategy-for-ira-withdrawals.html	27	0	1	5	False
blog/best-tax-strategy-for-retirement.html	33	0	1	7	False
blog/best-tax-strategy-for-selling-stocks.html	30	0	1	6	False
blog/brrrr-method-vs-franchise-investing.html	27	0	1	5	False
blog/brrrr-method-vs-notes-investing.html	24	0	1	4	False
blog/brrrr-method.html	23	0	1	3	False
blog/brrrr-strategy-get-paid-buy-rental-property.html	23	0	1	1	False
blog/build-10-million-10-years.html	20	1	1	1	False
blog/business-credit-building.html	23	0	1	3	False
blog/business-succession-planning-vs-professional-llc.html	27	0	1	5	False
blog/business-succession-planning.html	23	0	1	3	False
blog/c-corp-benefits.html	23	0	1	3	False
blog/capital-gains-tax-best-strategy.html	27	0	1	6	False
blog/capital-gains-tax-calculator.html	29	0	1	7	False
blog/capital-gains-tax-checklist.html	26	0	1	5	False
blog/capital-gains-tax-for-beginners.html	29	0	1	7	False
blog/capital-gains-tax-for-consultants.html	26	0	1	5	False
blog/capital-gains-tax-for-high-earners.html	29	0	1	7	False
blog/capital-gains-tax-for-physicians.html	27	0	1	6	False
blog/capital-gains-tax-for-real-estate-investors.html	26	0	1	5	False
blog/capital-gains-tax-for-self-employed-professionals.html	26	0	1	6	False
blog/capital-gains-tax-for-small-business-owners.html	28	0	1	7	False
blog/capital-gains-tax-rate-2026.html	28	0	1	6	False
blog/capital-gains-tax-template.html	27	0	1	6	False
blog/capital-gains-tax-vs-entity-restructuring.html	27	0	1	6	False
blog/capital-gains-tax-vs-retirement-contributions.html	28	0	1	7	False
blog/catch-up-contributions.html	23	0	1	3	False
blog/chad-90k-year-one-property.html	27	0	1	5	False
blog/corporate-veil-protection.html	23	0	1	3	False
blog/corporate-veil-vs-professional-llc.html	26	0	1	5	False
blog/cost-segregation-vs-itemized-deductions.html	26	0	1	5	False
blog/cost-segregation-vs-standard-deduction.html	25	0	1	4	False
blog/couple-17500-secured-one-week.html	27	0	1	5	False
blog/credit-score-optimization.html	23	0	1	3	False
blog/crowdfunded-real-estate.html	23	0	1	3	False
blog/debt-avalanche-method.html	23	0	1	3	False
blog/debt-avalanche-payoff-calculator.html	30	0	1	7	False
blog/debt-avalanche-tax-implications.html	31	0	1	8	False
blog/debt-avalanche-vs-cash-flow-budgeting.html	30	0	1	8	False
blog/debt-avalanche-vs-snowball-calculator.html	29	0	1	8	False
blog/debt-consolidation-for-bad-credit.html	27	0	1	6	False
blog/debt-consolidation-guide.html	23	0	1	3	False
blog/debt-consolidation-tax-implications.html	29	0	1	7	False
blog/debt-payoff-avalanche-method.html	28	0	1	7	False
blog/debt-snowball-method.html	23	0	1	3	False
blog/debt-snowball-tax-implications.html	29	0	1	8	False
blog/debt-to-income-ratio-calculator-for-mortgage.html	27	0	1	6	False
blog/debt-to-income-ratio-tax-implications.html	27	0	1	6	False
blog/debt-to-income-ratio-vs-cash-flow-budgeting.html	29	0	1	7	False
blog/debt-to-income-ratio.html	23	0	1	3	False
blog/dentist-airbnb-7-days-first-pitch.html	27	0	1	5	False
blog/digital-product-income.html	23	0	1	3	False
blog/dividend-growth-investing-tax-implications.html	25	0	1	5	False
blog/dividend-growth-investing.html	23	0	1	3	False
blog/do-i-qualify-for-qbi-deduction.html	27	0	1	6	False
blog/dollar-cost-averaging.html	23	0	1	3	False
blog/dominate-saturated-market-airbnb.html	27	0	1	5	False
blog/early-retirement-withdrawal.html	23	0	1	3	False
blog/entrepreneur-2-deals-12k-month.html	27	0	1	5	False
blog/estate-tax-planning-best-strategy.html	25	0	1	4	False
blog/estate-tax-planning-calculator.html	24	0	1	3	False
blog/estate-tax-planning-checklist.html	27	0	1	6	False
blog/estate-tax-planning-for-beginners.html	26	0	1	4	False
blog/estate-tax-planning-for-consultants.html	25	0	1	4	False
blog/estate-tax-planning-for-non-us-citizens.html	25	0	1	4	False
blog/estate-tax-planning-for-physicians.html	24	0	1	4	False
blog/estate-tax-planning-template.html	25	0	1	4	False
blog/estate-tax-planning-vs-entity-restructuring.html	25	0	1	4	False
blog/estate-tax-planning-vs-retirement-contributions.html	24	0	1	3	False
blog/etf-vs-mutual-fund-in-taxable-account.html	25	0	1	5	False
blog/etf-vs-mutual-fund-tax-efficiency.html	24	0	1	4	False
blog/etf-vs-mutual-fund-taxes.html	26	0	1	5	False
blog/etf-vs-mutual-fund.html	23	0	1	3	False
blog/family-limited-partnership.html	23	0	1	3	False
blog/finding-2500-cashflow-airbnb-properties.html	26	0	1	4	False
blog/fire-movement-guide.html	23	0	1	3	False
blog/gary-marketing-executive-35k-month.html	24	0	1	2	False
blog/getting-started-airbnb-arbitrage.html	20	0	1	1	False
blog/good-debt-vs-bad-debt.html	23	0	1	3	False
blog/growth-investing-strategy.html	23	0	1	3	False
blog/hamptons-airbnb-20k-first-month.html	27	0	1	5	False
blog/heloc-strategy-for-high-earners-with-lifestyle-debt.html	29	0	1	6	False
blog/heloc-strategy-tax-implications.html	27	0	1	7	False
blog/heloc-strategy-to-pay-off-mortgage-calculator.html	28	0	1	6	False
blog/heloc-strategy-vs-cash-flow-budgeting.html	28	0	1	8	False
blog/heloc-strategy.html	23	0	1	3	False
blog/high-school-friends-2508-month-airbnb.html	27	0	1	5	False
blog/holding-company-structure.html	23	0	1	3	False
blog/house-hacking-guide.html	23	0	1	3	False
blog/house-hacking-real-estate-investing-for-beginners.html	26	0	1	5	False
blog/house-hacking-tax-implications.html	26	0	1	5	False
blog/house-hacking-vs-notes-investing.html	26	0	1	5	False
blog/how-a-250k-w-2-salary-can-leave-you-poorer-than-a-120k-busin.html	20	1	1	1	False
blog/how-are-series-llc-taxed.html	26	0	1	5	False
blog/how-does-cost-segregation-help-with-taxes.html	26	0	1	5	False
blog/how-does-qbi-deduction-work-with-a-loss.html	25	0	1	4	False
blog/how-does-the-debt-snowball-payoff-work.html	29	0	1	7	False
blog/how-is-corporate-veil-pierced.html	27	0	1	6	False
blog/how-is-qbi-deduction-calculated-for-s-corp.html	33	0	1	9	False
blog/how-is-qbi-deduction-calculated.html	27	0	1	6	False
blog/how-is-royalty-income-taxed.html	27	0	1	6	False
blog/how-much-are-airbnb-taxes-for-guests.html	26	0	1	4	False
blog/how-much-is-reasonable-salary-for-s-corp.html	28	0	1	7	False
blog/how-qbi-deduction-works.html	27	0	1	6	False
blog/how-roth-conversions-are-taxed.html	27	0	1	6	False
blog/how-roth-ira-is-taxed.html	24	0	1	4	False
blog/how-tax-deduction-calculated.html	29	0	1	6	False
blog/how-tax-deductions-are-compared-to-tax-exemptions.html	27	0	1	6	False
blog/how-tax-deductions-work.html	28	3	1	8	False
blog/how-to-buy-first-rental-property-step-by-step.html	23	0	1	1	False
blog/how-to-calculate-qbi-deduction-2024.html	27	0	1	6	False
blog/how-to-calculate-reasonable-salary-for-s-corp.html	29	0	1	5	False
blog/how-to-change-operating-agreement-of-llc.html	26	0	1	5	False
blog/how-to-change-registered-agent-for-llc.html	27	0	1	6	False
blog/how-to-create-operating-agreement-for-llc.html	24	0	1	4	False
blog/how-to-determine-reasonable-salary-for-s-corp.html	28	0	1	4	False
blog/how-to-do-tax-planning-for-individual.html	26	0	1	5	False
blog/how-to-file-operating-agreement-llc.html	25	0	1	4	False
blog/how-to-find-operating-agreement-for-llc.html	25	0	1	4	False
blog/how-to-find-registered-agent-for-llc.html	28	0	1	6	False
blog/how-to-get-operating-agreement-for-llc.html	25	0	1	5	False
blog/how-to-learn-tax-planning.html	28	0	1	7	False
blog/how-to-make-s-corp-election-for-llc.html	29	0	1	7	False
blog/how-to-pierce-corporate-veil-llc.html	27	0	1	5	False
blog/how-to-report-royalty-income-on-tax-return.html	28	0	1	5	False
blog/how-to-update-operating-agreement-llc.html	26	0	1	5	False
blog/hsa-strategy-for-beginners.html	26	0	1	5	False
blog/hsa-strategy-for-consultants.html	26	0	1	5	False
blog/hsa-strategy-for-high-earners.html	26	0	1	5	False
blog/hsa-strategy-for-physicians.html	26	0	1	5	False
blog/hsa-strategy-for-real-estate-investors.html	24	0	1	4	False
blog/hsa-strategy-for-self-employed-professionals.html	29	0	1	8	False
blog/hsa-strategy-for-small-business-owners.html	27	0	1	5	False
blog/hsa-strategy-tax-implications.html	27	0	1	6	False
blog/hsa-strategy-vs-charitable-planning.html	28	0	1	7	False
blog/hsa-strategy-vs-entity-restructuring.html	27	0	1	6	False
blog/hsa-strategy-vs-retirement-contributions.html	26	0	1	5	False
blog/i-bonds-guide.html	23	0	1	3	False
blog/index-fund-investing-tax-implications.html	27	0	1	6	False
blog/index-fund-investing.html	23	0	1	3	False
blog/index.html	187	1	0	174	False
blog/inherited-ira-rules.html	23	0	1	3	False
blog/international-investing.html	23	0	1	3	False
blog/investment-fees-guide.html	23	0	1	3	False
blog/ira-strategy-for-beginners.html	26	0	1	6	False
blog/ira-strategy-for-early-retirees.html	26	0	1	4	False
blog/ira-strategy-for-government-employees.html	27	0	1	6	False
blog/ira-strategy-for-high-earners.html	27	0	1	7	False
blog/ira-strategy-for-high-income-families.html	25	0	1	4	False
blog/ira-strategy-for-high-income.html	29	0	1	7	False
blog/ira-strategy-for-married-couples.html	26	0	1	6	False
blog/ira-strategy-for-pre-retirees.html	27	0	1	6	False
blog/ira-strategy-for-self-employed.html	25	0	1	4	False
blog/ira-strategy-for-small-business-owners.html	27	0	1	5	False
blog/ira-strategy-tax-implications.html	27	0	1	7	False
blog/is-an-s-corp-better-than-an-llc.html	27	0	1	6	False
blog/is-tax-planning-legal.html	26	0	1	5	False
blog/isaac-eck-ex-cop-2-airbnbs.html	29	0	1	7	False
blog/it-guy-75-percent-occupancy.html	27	0	1	5	False
blog/james-7k-month-3-properties-remote.html	29	0	1	7	False
blog/jeff-8k-month-texas-airbnb.html	27	0	1	5	False
blog/kiana-replaced-finance-job-airbnb.html	27	0	1	5	False
blog/laundromat-investing-for-remote-workers.html	29	0	1	6	False
blog/laundromat-investing-tax-implications.html	28	0	1	6	False
blog/laundromat-investing.html	23	0	1	3	False
blog/llc-vs-s-corp-tax-calculator.html	31	0	1	7	False
blog/llc-vs-s-corp-taxes.html	32	0	1	6	False
blog/llc-vs-s-corp.html	23	0	1	3	False
blog/llc-vs-s-corporation.html	32	0	1	9	False
blog/marriage-brings-a-10-000-yr-tax-return.html	20	1	1	1	False
blog/micah-facebook-message-5k-month-houston.html	29	0	1	7	False
blog/micah-facebook-message-airbnb.html	27	0	1	5	False
blog/mortgage-refinancing-guide.html	23	0	1	3	False
blog/mother-two-8k-monthly-airbnb.html	27	0	1	5	False
blog/multi-state-business.html	23	0	1	3	False
blog/multi-state-llc-best-strategy.html	27	0	1	4	False
blog/multi-state-llc-calculator.html	26	0	1	5	False
blog/multi-state-llc-checklist.html	26	0	1	5	False
blog/multi-state-llc-for-agency-owners.html	25	0	1	5	False
blog/multi-state-llc-for-beginners.html	31	0	1	8	False
blog/multi-state-llc-for-consultants.html	27	0	1	6	False
blog/multi-state-llc-for-ecommerce-founders.html	25	0	1	5	False
blog/multi-state-llc-for-freelancers.html	26	0	1	5	False
blog/multi-state-llc-for-high-earners.html	27	0	1	6	False
blog/multi-state-llc-for-real-estate-operators.html	26	0	1	5	False
blog/multi-state-llc-for-service-businesses.html	26	0	1	4	False
blog/multi-state-llc-for-small-business-owners.html	29	0	1	7	False
blog/multi-state-llc-search.html	26	0	1	5	False
blog/multi-state-llc-tax-implications.html	24	0	1	4	False
blog/multi-state-llc-template.html	27	0	1	6	False
blog/multi-state-llc-vs-c-corp.html	26	0	1	5	False
blog/multi-state-llc-vs-partnership.html	26	0	1	5	False
blog/multi-state-llc-vs-sole-proprietorship.html	27	0	1	6	False
blog/multi-state-lottery-llc.html	24	0	1	4	False
blog/multi-state-towing-llc.html	25	0	1	5	False
blog/multiple-failures-1700-cash-flow.html	27	0	1	5	False
blog/municipal-bonds.html	23	0	1	3	False
blog/nurse-2000-profit-property.html	27	0	1	5	False
blog/operating-agreement-for-single-member-llc.html	25	0	1	5	False
blog/operating-agreement-guide.html	23	0	1	3	False
blog/operating-agreement-llc-template.html	27	0	1	6	False
blog/operating-agreement-llc-texas.html	24	0	1	4	False
blog/operating-agreement-vs-professional-llc.html	25	0	1	5	False
blog/pension-vs-lump-sum.html	23	0	1	3	False
blog/personal-loan-vs-credit-card-calculator.html	28	0	1	7	False
blog/personal-loan-vs-credit-card-for-debt-consolidation.html	29	0	1	8	False
blog/personal-loan-vs-credit-card-tax-implications.html	26	0	1	6	False
blog/portfolio-rebalancing.html	23	0	1	3	False
blog/private-equity-investing.html	23	0	1	3	False
blog/professional-llc.html	23	0	1	3	False
blog/qbi-deduction-best-strategy.html	26	0	1	5	False
blog/qbi-deduction-for-beginners.html	25	0	1	4	False
blog/qbi-deduction-for-consultants.html	28	0	1	5	False
blog/qbi-deduction-for-dummies.html	27	0	1	6	False
blog/qbi-deduction-for-high-earners.html	26	0	1	5	False
blog/qbi-deduction-for-physicians.html	27	0	1	6	False
blog/qbi-deduction-for-real-estate-investors.html	25	0	1	4	False
blog/qbi-deduction-for-self-employed-professionals.html	28	0	1	7	False
blog/qbi-deduction-for-small-business-owners.html	27	0	1	6	False
blog/qbi-deduction-income-limits.html	28	0	1	6	False
blog/qbi-deduction-phase-out-2025.html	29	0	1	8	False
blog/qbi-deduction-tax-implications.html	28	0	1	7	False
blog/qbi-deduction-vs-itemized-deductions.html	26	0	1	6	False
blog/real-estate-syndication.html	23	0	1	3	False
blog/reasonable-salary-s-corp.html	23	0	1	3	False
blog/reasonable-salary-tax-implications.html	27	0	1	4	False
blog/reasonable-salary-vs-professional-llc.html	26	0	1	4	False
blog/registered-agent-for-llc-in-texas.html	27	0	1	5	False
blog/registered-agent-requirements.html	23	0	1	3	False
blog/registered-agent-vs-professional-llc.html	27	0	1	6	False
blog/reits-guide.html	23	0	1	3	False
blog/rental-property-investing-checklist.html	26	0	1	6	False
blog/rental-property-investing-for-beginners.html	28	0	1	5	False
blog/rental-property-investing-for-career-switchers.html	25	0	1	5	False
blog/rental-property-investing-for-families.html	27	0	1	6	False
blog/rental-property-investing-for-high-earners.html	26	0	1	6	False
blog/rental-property-investing-for-new-investors.html	28	0	1	6	False
blog/rental-property-investing-for-operators.html	28	0	1	7	False
blog/rental-property-investing-for-remote-workers.html	27	0	1	6	False
blog/rental-property-investing-for-small-business-owners.html	27	0	1	6	False
blog/rental-property-investing-for-w2-professionals.html	28	0	1	6	False
blog/rental-property-investing-tax-implications.html	27	0	1	6	False
blog/rental-property-investing-vs-index-funds.html	27	7	1	6	False
blog/rental-property-investing-vs-reits.html	26	0	1	5	False
blog/rental-property-investing-vs-small-business-acquisition.html	25	0	1	4	False
blog/rental-property-investing.html	23	0	1	3	False
blog/required-minimum-distributions-vs-taxable-brokerage.html	27	0	1	7	False
blog/required-minimum-distributions.html	23	0	1	3	False
blog/retirement-bucket-strategy.html	23	0	1	3	False
blog/retirement-healthcare-planning.html	23	0	1	3	False
blog/retirement-income-plan-for-early-retirees.html	26	0	1	5	False
blog/retirement-income-plan-tax-implications.html	27	0	1	6	False
blog/retirement-income-plan-vs-cash-bucket-strategy.html	27	0	1	7	False
blog/retirement-income-plan-vs-taxable-brokerage.html	29	0	1	7	False
blog/retirement-income-planning-llc.html	26	0	1	5	False
blog/retirement-income-strategies.html	23	0	1	3	False
blog/retirement-withdrawal-strategy-2026.html	26	0	1	5	False
blog/retirement-withdrawal-strategy-calculator-with-taxes.html	32	0	1	8	False
blog/retirement-withdrawal-strategy-calculator.html	32	0	1	9	False
blog/retirement-withdrawal-strategy-checklist.html	28	0	1	6	False
blog/retirement-withdrawal-strategy-for-beginners.html	32	0	1	8	False
blog/retirement-withdrawal-strategy-for-early-retirees.html	37	0	1	10	False
blog/retirement-withdrawal-strategy-for-government-employees.html	30	0	1	7	False
blog/retirement-withdrawal-strategy-for-high-income-families.html	33	0	1	9	False
blog/retirement-withdrawal-strategy-for-married-couples.html	31	0	1	7	False
blog/retirement-withdrawal-strategy-for-pre-retirees.html	29	0	1	5	False
blog/retirement-withdrawal-strategy-for-self-employed.html	31	0	1	8	False
blog/retirement-withdrawal-strategy-for-small-business-owners.html	23	0	1	2	False
blog/retirement-withdrawal-strategy-guardrails.html	29	0	1	7	False
blog/retirement-withdrawal-strategy-software.html	28	0	1	7	False
blog/retirement-withdrawal-strategy-spreadsheet.html	28	0	1	7	False
blog/retirement-withdrawal-strategy-tax-implications.html	29	0	1	7	False
blog/retirement-withdrawal-strategy-template.html	27	0	1	6	False
blog/retirement-withdrawal-strategy-vs-bond-ladders.html	31	0	1	8	False
blog/retirement-withdrawal-strategy-vs-cash-bucket-strategy.html	29	0	1	7	False
blog/retirement-withdrawal-strategy-vs-delayed-retirement.html	29	0	1	7	False
blog/retirement-withdrawal-strategy-vs-pension-options.html	30	0	1	7	False
blog/retirement-withdrawal-strategy-vs-taxable-brokerage.html	32	0	1	7	False
blog/rob-100k-3-airbnbs-9-to-5.html	26	0	1	4	False
blog/rob-27200-one-month-2-airbnbs.html	27	0	1	5	False
blog/robo-advisor-comparison.html	23	0	1	3	False
blog/roth-conversion-tax-calculator.html	25	0	1	4	False
blog/roth-conversion-vs-itemized-deductions.html	26	0	1	5	False
blog/roth-conversion-vs-standard-deduction.html	25	0	1	4	False
blog/roth-ira-vs-cash-bucket-strategy.html	25	0	1	4	False
blog/roth-ira-vs-taxable-brokerage.html	29	0	1	7	False
blog/royalty-income-guide.html	23	0	1	3	False
blog/royalty-income-tax-rate.html	24	0	1	4	False
blog/royalty-income-tax-treatment.html	26	0	1	5	False
blog/s-corp-election-best-strategy.html	26	0	1	5	False
blog/s-corp-election-calculator.html	25	0	1	4	False
blog/s-corp-election-checklist.html	25	0	1	4	False
blog/s-corp-election-deadline.html	27	0	1	4	False
blog/s-corp-election-for-agency-owners.html	25	0	1	4	False
blog/s-corp-election-for-beginners.html	25	0	1	4	False
blog/s-corp-election-for-consultants.html	25	0	1	5	False
blog/s-corp-election-for-ecommerce-founders.html	26	0	1	5	False
blog/s-corp-election-for-freelancers.html	25	0	1	4	False
blog/s-corp-election-for-high-earners.html	25	0	1	4	False
blog/s-corp-election-for-llc.html	30	0	1	7	False
blog/s-corp-election-for-real-estate-operators.html	26	0	1	5	False
blog/s-corp-election-for-service-businesses.html	25	0	1	4	False
blog/s-corp-election-for-small-business-owners.html	26	0	1	4	False
blog/s-corp-election-form.html	26	0	1	5	False
blog/s-corp-election-tax-implications.html	27	0	1	6	False
blog/s-corp-election-template.html	26	0	1	5	False
blog/s-corp-election-vs-partnership.html	25	0	1	4	False
blog/s-corp-election-vs-sole-proprietorship.html	26	0	1	5	False
blog/secret-top-10-percent-airbnb.html	27	0	1	5	False
blog/sector-etf-strategy.html	23	0	1	3	False
blog/self-storage-investing-for-beginners.html	27	0	1	5	False
blog/self-storage-investing-tax-implications.html	28	0	1	5	False
blog/self-storage-investing.html	23	0	1	3	False
blog/sequence-of-returns-risk-vs-taxable-brokerage.html	25	0	1	5	False
blog/sequence-of-returns-risk.html	23	0	1	3	False
blog/series-llc-for-agency-owners.html	25	0	1	5	False
blog/series-llc-for-beginners.html	26	0	1	6	False
blog/series-llc-for-consultants.html	28	0	1	7	False
blog/series-llc-for-ecommerce-founders.html	31	0	1	8	False
blog/series-llc-for-freelancers.html	28	0	1	8	False
blog/series-llc-for-high-earners.html	25	0	1	5	False
blog/series-llc-for-real-estate-operators.html	28	0	1	6	False
blog/series-llc-for-service-businesses.html	27	0	1	6	False
blog/series-llc-for-small-business-owners.html	27	0	1	6	False
blog/series-llc-operating-agreement.html	28	0	1	7	False
blog/series-llc-tax-implications.html	26	0	1	6	False
blog/series-llc-vs-c-corp.html	25	3	1	5	False
blog/series-llc-vs-holding-company.html	28	0	1	7	False
blog/series-llc-vs-sole-proprietorship.html	29	0	1	8	False
blog/series-llc-vs-standard-llc.html	27	0	1	6	False
blog/series-llc-vs-trust-structure.html	28	0	1	6	False
blog/series-llc.html	23	0	1	3	False
blog/short-term-rental-investing-tax-implications.html	28	0	1	7	False
blog/short-term-rental-investing.html	23	0	1	3	False
blog/short-term-rental-setup-tax-implications.html	25	0	1	4	False
blog/should-i-start-an-llc-or-an-s-corp.html	26	0	1	4	False
blog/single-member-llc-guide.html	23	0	1	3	False
blog/social-security-claiming-strategies-for-married-couples-calculator.html	25	0	1	4	False
blog/social-security-claiming-strategy-calculator.html	27	0	1	6	False
blog/social-security-claiming-vs-taxable-brokerage.html	28	0	1	7	False
blog/social-security-optimization.html	23	0	1	3	False
blog/spousal-ira.html	23	0	1	3	False
blog/stand-out-saturated-market.html	27	0	1	5	False
blog/start-from-zero-2025-wealth-building-plan.html	24	0	1	1	False
blog/strategy-for-retirement-withdrawals.html	29	0	1	7	False
blog/student-loan-payoff-calculator-multiple-loans.html	31	0	1	7	False
blog/student-loan-payoff-calculator-with-extra-payments.html	28	0	1	7	False
blog/student-loan-payoff-calculator.html	28	0	1	6	False
blog/student-loan-payoff-for-beginners.html	31	0	1	7	False
blog/student-loan-payoff-for-families.html	27	0	1	7	False
blog/student-loan-payoff-for-high-earners.html	28	0	1	7	False
blog/student-loan-payoff-for-new-graduates.html	28	0	1	7	False
blog/student-loan-payoff-for-self-employed.html	28	0	1	7	False
blog/student-loan-payoff-for-small-business-owners.html	29	0	1	6	False
blog/student-loan-payoff-for-w2-professionals.html	27	0	1	7	False
blog/student-loan-payoff-strategy.html	27	0	1	7	False
blog/student-loan-payoff-tax-implications.html	30	0	1	8	False
blog/student-loan-payoff-vs-cash-flow-budgeting.html	27	0	1	7	False
blog/student-loan-payoff-vs-negotiated-settlements.html	26	0	1	6	False
blog/student-loan-payoff-vs-refinance.html	25	0	1	5	False
blog/student-loan-strategies.html	23	0	1	3	False
blog/tax-deduction-best-strategy.html	32	0	1	9	False
blog/tax-deduction-car-loan-interest.html	24	0	1	4	False
blog/tax-deduction-for-beginners.html	32	0	1	9	False
blog/tax-deduction-for-consultants.html	29	0	1	7	False
blog/tax-deduction-for-high-earners.html	30	0	1	9	False
blog/tax-deduction-for-physicians.html	33	0	1	7	False
blog/tax-deduction-for-real-estate-investors.html	29	0	1	5	False
blog/tax-deduction-for-self-employed-professionals.html	30	0	1	6	False
blog/tax-deduction-for-seniors.html	31	0	1	7	False
blog/tax-deduction-for-small-business-owners.html	33	0	1	7	False
blog/tax-deduction-vs-charitable-planning.html	32	0	1	7	False
blog/tax-deduction-vs-entity-restructuring.html	32	0	1	8	False
blog/tax-deduction-vs-retirement-contributions.html	31	0	1	7	False
blog/tax-deductions-for-seniors-2025.html	28	0	1	7	False
blog/tax-loss-harvesting-best-strategy.html	26	0	1	5	False
blog/tax-loss-harvesting-calculator.html	27	0	1	6	False
blog/tax-loss-harvesting-checklist.html	27	0	1	6	False
blog/tax-loss-harvesting-for-beginners.html	26	0	1	6	False
blog/tax-loss-harvesting-for-busy-professionals.html	27	0	1	6	False
blog/tax-loss-harvesting-for-entrepreneurs.html	26	0	1	6	True
blog/tax-loss-harvesting-for-high-earners.html	26	0	1	5	False
blog/tax-loss-harvesting-for-late-starters.html	25	0	1	5	False
blog/tax-loss-harvesting-for-parents.html	28	4	1	5	False
blog/tax-loss-harvesting-for-small-business-owners.html	29	0	1	6	False
blog/tax-loss-harvesting-template.html	28	0	1	7	False
blog/tax-loss-harvesting-vs-active-funds.html	26	0	1	5	False
blog/tax-loss-harvesting-vs-real-estate-syndication.html	26	0	1	6	False
blog/tax-loss-harvesting-vs-robo-advisors.html	25	0	1	4	False
blog/tax-loss-harvesting-vs-target-date-funds.html	25	0	1	5	False
blog/tax-planning-best-strategy.html	27	0	1	6	False
blog/tax-planning-certified-professional.html	28	0	1	7	False
blog/tax-planning-for-beginners.html	29	0	1	7	False
blog/tax-planning-for-consultants.html	25	0	1	4	False
blog/tax-planning-for-dummies.html	26	0	1	5	False
blog/tax-planning-for-high-earners.html	26	0	1	4	False
blog/tax-planning-for-physicians.html	26	0	1	5	False
blog/tax-planning-for-real-estate-investors.html	25	0	1	4	False
blog/tax-planning-for-self-employed-professionals.html	26	0	1	5	False
blog/tax-planning-for-small-business-owners.html	25	0	1	4	False
blog/tax-planning-to-and-through-early-retirement.html	28	0	1	7	False
blog/tax-strategies-for-beginners.html	29	0	1	6	False
blog/tax-strategy-365-reviews.html	27	0	1	6	False
blog/tax-strategy-best-strategy.html	27	0	1	6	False
blog/tax-strategy-calculator.html	28	0	1	7	False
blog/tax-strategy-case-study.html	28	0	1	5	False
blog/tax-strategy-checklist.html	25	0	1	5	False
blog/tax-strategy-for-beginners.html	34	0	1	8	False
blog/tax-strategy-for-consultants.html	31	0	1	7	False
blog/tax-strategy-for-high-earners.html	31	0	1	5	False
blog/tax-strategy-for-physicians.html	33	0	1	8	True
blog/tax-strategy-mistakes-to-avoid.html	29	0	1	7	False
blog/tax-strategy-step-by-step.html	26	0	1	5	False
blog/tax-strategy-tax-implications.html	27	0	1	6	False
blog/tax-strategy-vs-itemized-deductions.html	30	0	1	6	False
blog/tax-strategy-vs-standard-deduction.html	29	0	1	5	False
blog/this-is-the-millionaire-kid-blueprint.html	20	1	1	1	False
blog/tom-zero-to-25k-two-weeks.html	27	0	1	5	False
blog/treasury-bonds-strategy.html	23	0	1	3	False
blog/value-investing-for-dummies.html	29	0	1	8	False
blog/value-investing-strategy.html	23	0	1	3	False
blog/value-investing-tax-implications.html	26	0	1	5	False
blog/what-activities-qualify-for-qbi-deduction.html	25	0	1	4	False
blog/what-qualifies-for-qbi-deduction.html	26	0	1	5	False
blog/what-tax-deduction-for-mortgage.html	31	0	1	8	False
blog/what-tax-deductions-for-homeowners.html	33	0	1	9	False
blog/what-tax-deductions-for-rental-property.html	30	0	1	7	False
blog/which-is-better-for-taxes-llc-or-s-corp.html	32	0	1	8	False
blog/why-150k-year-feels-broke.html	20	1	1	1	False
